{
	"credit": "Made with Blockbench",
	"textures": {
		"0": "block/nether_portal",
		"particle": "block/nether_portal"
	},
	"elements": [
		{
			"from": [0, 0, 0],
			"to": [16.3, 1, 16],
			"faces": {
				"north": {"uv": [0, 0, 16, 1], "texture": "#0"},
				"east": {"uv": [0, 0, 16, 1], "texture": "#0"},
				"south": {"uv": [0, 0, 16, 1], "texture": "#0"},
				"west": {"uv": [0, 0, 16, 1], "texture": "#0"},
				"up": {"uv": [0, 0, 16, 16], "texture": "#0"},
				"down": {"uv": [0, 0, 16, 16], "texture": "#0"}
			}
		}
	],
	"display": {
		"gui": {
			"rotation": [0, 99, 0],
			"translation": [-0.5, 0, 0]
		}
	}
}