{
	"credit": "Made with Blockbench",
	"textures": {
		"0": "block/gold_block",
		"particle": "block/gold_block"
	},
	"elements": [
		{
			"from": [8, 0, -4],
			"to": [10, 23, -2],
			"rotation": {"angle": 0, "axis": "y", "origin": [8, 0, -4]},
			"faces": {
				"north": {"uv": [0, 0, 2, 16], "texture": "#0"},
				"east": {"uv": [3.07813, 0, 5.07813, 16], "texture": "#0"},
				"south": {"uv": [0, 0, 2, 16], "texture": "#0"},
				"west": {"uv": [0, 0, 2, 16], "texture": "#0"},
				"up": {"uv": [0, 0, 2, 2], "texture": "#0"},
				"down": {"uv": [0, 0, 2, 2], "texture": "#0"}
			}
		},
		{
			"from": [8, 26, 14],
			"to": [10, 31, 16],
			"rotation": {"angle": 0, "axis": "y", "origin": [8, 9, 14]},
			"faces": {
				"north": {"uv": [0, 0, 2, 5], "texture": "#0"},
				"east": {"uv": [3.07813, 0, 5.07813, 5], "texture": "#0"},
				"south": {"uv": [0, 0, 2, 5], "texture": "#0"},
				"west": {"uv": [0, 0, 2, 5], "texture": "#0"},
				"up": {"uv": [0, 0, 2, 2], "texture": "#0"},
				"down": {"uv": [0, 0, 2, 2], "texture": "#0"}
			}
		},
		{
			"from": [8, 21, 16],
			"to": [10, 28, 18],
			"rotation": {"angle": 0, "axis": "y", "origin": [8, 6, 16]},
			"faces": {
				"north": {"uv": [0, 0, 2, 7], "texture": "#0"},
				"east": {"uv": [0, 0, 2, 7], "texture": "#0"},
				"south": {"uv": [0, 0, 2, 7], "texture": "#0"},
				"west": {"uv": [0, 0, 2, 7], "texture": "#0"},
				"up": {"uv": [0, 0, 2, 2], "texture": "#0"},
				"down": {"uv": [0, 0, 2, 2], "texture": "#0"}
			}
		},
		{
			"from": [7.5, 23.5, 0],
			"to": [10.5, 25, 16],
			"rotation": {"angle": 0, "axis": "y", "origin": [8, 3, 14]},
			"faces": {
				"north": {"uv": [0, 0, 3, 1.5], "texture": "#0"},
				"east": {"uv": [0, 0, 16, 1.5], "texture": "#0"},
				"south": {"uv": [0, 0, 3, 1.5], "texture": "#0"},
				"west": {"uv": [0, 0, 16, 1.5], "texture": "#0"},
				"up": {"uv": [0, 0, 3, 16], "texture": "#0"},
				"down": {"uv": [0, 0, 3, 16], "texture": "#0"}
			}
		},
		{
			"from": [7.5, 22.75, 3],
			"to": [10.5, 23.5, 13],
			"rotation": {"angle": 0, "axis": "y", "origin": [8, 1.5, 14]},
			"faces": {
				"north": {"uv": [0, 0, 3, 0.75], "texture": "#0"},
				"east": {"uv": [0, 0, 10, 0.75], "texture": "#0"},
				"south": {"uv": [0, 0, 3, 0.75], "texture": "#0"},
				"west": {"uv": [0, 0, 10, 0.75], "texture": "#0"},
				"up": {"uv": [0, 0, 3, 10], "texture": "#0"},
				"down": {"uv": [0, 0, 3, 10], "texture": "#0"}
			}
		},
		{
			"from": [8, 0, 18],
			"to": [10, 23, 20],
			"rotation": {"angle": 0, "axis": "y", "origin": [8, 0, 18]},
			"faces": {
				"north": {"uv": [0, 0, 2, 16], "texture": "#0"},
				"east": {"uv": [0, 0, 2, 16], "texture": "#0"},
				"south": {"uv": [0, 0, 2, 16], "texture": "#0"},
				"west": {"uv": [0, 0, 2, 16], "texture": "#0"},
				"up": {"uv": [0, 0, 2, 2], "texture": "#0"},
				"down": {"uv": [0, 0, 2, 2], "texture": "#0"}
			}
		},
		{
			"from": [7.75, 0, 20],
			"to": [10.25, 6, 21],
			"rotation": {"angle": 0, "axis": "y", "origin": [8, 0, 19]},
			"faces": {
				"north": {"uv": [0, 0, 2.5, 6], "texture": "#0"},
				"east": {"uv": [0, 0, 1, 6], "texture": "#0"},
				"south": {"uv": [0, 0, 2.5, 6], "texture": "#0"},
				"west": {"uv": [0, 0, 1, 6], "texture": "#0"},
				"up": {"uv": [0, 0, 2.5, 1], "texture": "#0"},
				"down": {"uv": [0, 0, 2.5, 1], "texture": "#0"}
			}
		},
		{
			"from": [7.75, 7, 17],
			"to": [10.25, 13, 18],
			"rotation": {"angle": 0, "axis": "y", "origin": [8, 7, 16]},
			"faces": {
				"north": {"uv": [0, 0, 2.5, 6], "texture": "#0"},
				"east": {"uv": [0, 0, 1, 6], "texture": "#0"},
				"south": {"uv": [0, 0, 2.5, 6], "texture": "#0"},
				"west": {"uv": [0, 0, 1, 6], "texture": "#0"},
				"up": {"uv": [0, 0, 2.5, 1], "texture": "#0"},
				"down": {"uv": [0, 0, 2.5, 1], "texture": "#0"}
			}
		},
		{
			"from": [7.75, 7, -2],
			"to": [10.25, 13, -1],
			"rotation": {"angle": 0, "axis": "y", "origin": [8, 7, -3]},
			"faces": {
				"north": {"uv": [0, 0, 2.5, 6], "texture": "#0"},
				"east": {"uv": [0, 0, 1, 6], "texture": "#0"},
				"south": {"uv": [0, 0, 2.5, 6], "texture": "#0"},
				"west": {"uv": [0, 0, 1, 6], "texture": "#0"},
				"up": {"uv": [0, 0, 2.5, 1], "texture": "#0"},
				"down": {"uv": [0, 0, 2.5, 1], "texture": "#0"}
			}
		},
		{
			"from": [7.75, 0, -5],
			"to": [10.25, 6, -4],
			"rotation": {"angle": 0, "axis": "y", "origin": [8, 0, -6]},
			"faces": {
				"north": {"uv": [3.07813, 0, 5.57813, 6], "texture": "#0"},
				"east": {"uv": [0, 0, 1, 6], "texture": "#0"},
				"south": {"uv": [0, 0, 2.5, 6], "texture": "#0"},
				"west": {"uv": [0, 0, 1, 6], "texture": "#0"},
				"up": {"uv": [0, 0, 2.5, 1], "texture": "#0"},
				"down": {"uv": [0, 0, 2.5, 1], "texture": "#0"}
			}
		},
		{
			"from": [7.75, 13.75, 20],
			"to": [10.25, 19.75, 21],
			"rotation": {"angle": 0, "axis": "y", "origin": [8, 13.75, 19]},
			"faces": {
				"north": {"uv": [0, 0, 2.5, 6], "texture": "#0"},
				"east": {"uv": [0, 0, 1, 6], "texture": "#0"},
				"south": {"uv": [3.07813, 0, 5.57813, 6], "texture": "#0"},
				"west": {"uv": [0, 0, 1, 6], "texture": "#0"},
				"up": {"uv": [0, 0, 2.5, 1], "texture": "#0"},
				"down": {"uv": [0, 0, 2.5, 1], "texture": "#0"}
			}
		},
		{
			"from": [7.75, 13.75, -5],
			"to": [10.25, 19.75, -4],
			"rotation": {"angle": 0, "axis": "y", "origin": [8, 13.75, -6]},
			"faces": {
				"north": {"uv": [3.07813, 0, 5.57813, 6], "texture": "#0"},
				"east": {"uv": [0, 0, 1, 6], "texture": "#0"},
				"south": {"uv": [0, 0, 2.5, 6], "texture": "#0"},
				"west": {"uv": [0, 0, 1, 6], "texture": "#0"},
				"up": {"uv": [0, 0, 2.5, 1], "texture": "#0"},
				"down": {"uv": [0, 0, 2.5, 1], "texture": "#0"}
			}
		},
		{
			"from": [7.75, 24, 18],
			"to": [10.25, 27, 19],
			"rotation": {"angle": 0, "axis": "y", "origin": [8, 24, 17]},
			"faces": {
				"north": {"uv": [0, 0, 2.5, 3], "texture": "#0"},
				"east": {"uv": [3.07813, 0, 4.07813, 3], "texture": "#0"},
				"south": {"uv": [3.07813, 0, 5.57813, 3], "texture": "#0"},
				"west": {"uv": [0, 0, 1, 3], "texture": "#0"},
				"up": {"uv": [0, 0, 2.5, 1], "texture": "#0"},
				"down": {"uv": [0, 0, 2.5, 1], "texture": "#0"}
			}
		},
		{
			"from": [7.75, 24, -3],
			"to": [10.25, 27, -2],
			"rotation": {"angle": 0, "axis": "y", "origin": [8, 24, -4]},
			"faces": {
				"north": {"uv": [3.07813, 0, 5.57813, 3], "texture": "#0"},
				"east": {"uv": [3.07813, 0, 4.07813, 3], "texture": "#0"},
				"south": {"uv": [0, 0, 2.5, 3], "texture": "#0"},
				"west": {"uv": [0, 0, 1, 3], "texture": "#0"},
				"up": {"uv": [0, 0, 2.5, 1], "texture": "#0"},
				"down": {"uv": [0, 0, 2.5, 1], "texture": "#0"}
			}
		},
		{
			"from": [8, 21, -2],
			"to": [10, 28, 0],
			"rotation": {"angle": 0, "axis": "y", "origin": [8, 6, -2]},
			"faces": {
				"north": {"uv": [0, 0, 2, 7], "texture": "#0"},
				"east": {"uv": [0, 0, 2, 7], "texture": "#0"},
				"south": {"uv": [0, 0, 2, 7], "texture": "#0"},
				"west": {"uv": [0, 0, 2, 7], "texture": "#0"},
				"up": {"uv": [0, 0, 2, 2], "texture": "#0"},
				"down": {"uv": [0, 0, 2, 2], "texture": "#0"}
			}
		},
		{
			"from": [8, 25, 12.65],
			"to": [10, 29, 13.4],
			"rotation": {"angle": 0, "axis": "y", "origin": [8, 7, 11.4]},
			"faces": {
				"north": {"uv": [0, 0, 2, 4], "texture": "#0"},
				"east": {"uv": [0, 0, 0.75, 4], "texture": "#0"},
				"south": {"uv": [0, 0, 2, 4], "texture": "#0"},
				"west": {"uv": [0, 0, 0.75, 4], "texture": "#0"},
				"up": {"uv": [0, 0, 2, 0.75], "texture": "#0"},
				"down": {"uv": [0, 0, 2, 0.75], "texture": "#0"}
			}
		},
		{
			"from": [8, 25, 14.15],
			"to": [10, 26, 14.9],
			"rotation": {"angle": 0, "axis": "y", "origin": [8, 7, 12.9]},
			"faces": {
				"north": {"uv": [0, 0, 2, 1], "texture": "#0"},
				"east": {"uv": [0, 0, 0.75, 1], "texture": "#0"},
				"south": {"uv": [0, 0, 2, 1], "texture": "#0"},
				"west": {"uv": [0, 0, 0.75, 1], "texture": "#0"},
				"up": {"uv": [0, 0, 2, 0.75], "texture": "#0"},
				"down": {"uv": [0, 0, 2, 0.75], "texture": "#0"}
			}
		},
		{
			"from": [8, 25, 1.05],
			"to": [10, 26, 1.8],
			"rotation": {"angle": 0, "axis": "y", "origin": [8, 7, -0.2]},
			"faces": {
				"north": {"uv": [0, 0, 2, 1], "texture": "#0"},
				"east": {"uv": [0, 0, 0.75, 1], "texture": "#0"},
				"south": {"uv": [0, 0, 2, 1], "texture": "#0"},
				"west": {"uv": [0, 0, 0.75, 1], "texture": "#0"},
				"up": {"uv": [0, 0, 2, 0.75], "texture": "#0"},
				"down": {"uv": [0, 0, 2, 0.75], "texture": "#0"}
			}
		},
		{
			"from": [8, 25, 11.4],
			"to": [10, 29, 12.15],
			"rotation": {"angle": 0, "axis": "y", "origin": [8, 7, 10.15]},
			"faces": {
				"north": {"uv": [0, 0, 2, 4], "texture": "#0"},
				"east": {"uv": [3.07813, 0, 3.82813, 4], "texture": "#0"},
				"south": {"uv": [0, 0, 2, 4], "texture": "#0"},
				"west": {"uv": [0, 0, 0.75, 4], "texture": "#0"},
				"up": {"uv": [0, 0, 2, 0.75], "texture": "#0"},
				"down": {"uv": [0, 0, 2, 0.75], "texture": "#0"}
			}
		},
		{
			"from": [8, 25, 10.15],
			"to": [10, 29, 10.9],
			"rotation": {"angle": 0, "axis": "y", "origin": [8, 7, 8.9]},
			"faces": {
				"north": {"uv": [0, 0, 2, 4], "texture": "#0"},
				"east": {"uv": [3.07813, 0, 3.82813, 4], "texture": "#0"},
				"south": {"uv": [0, 0, 2, 4], "texture": "#0"},
				"west": {"uv": [0, 0, 0.75, 4], "texture": "#0"},
				"up": {"uv": [0, 0, 2, 0.75], "texture": "#0"},
				"down": {"uv": [0, 0, 2, 0.75], "texture": "#0"}
			}
		},
		{
			"from": [8, 25, 8.9],
			"to": [10, 29, 9.65],
			"rotation": {"angle": 0, "axis": "y", "origin": [8, 7, 7.65]},
			"faces": {
				"north": {"uv": [0, 0, 2, 4], "texture": "#0"},
				"east": {"uv": [3.07813, 0, 3.82813, 4], "texture": "#0"},
				"south": {"uv": [0, 0, 2, 4], "texture": "#0"},
				"west": {"uv": [0, 0, 0.75, 4], "texture": "#0"},
				"up": {"uv": [0, 0, 2, 0.75], "texture": "#0"},
				"down": {"uv": [0, 0, 2, 0.75], "texture": "#0"}
			}
		},
		{
			"from": [8, 25, 7.65],
			"to": [10, 29, 8.4],
			"rotation": {"angle": 0, "axis": "y", "origin": [8, 7, 6.4]},
			"faces": {
				"north": {"uv": [0, 0, 2, 4], "texture": "#0"},
				"east": {"uv": [3.07813, 0, 3.82813, 4], "texture": "#0"},
				"south": {"uv": [0, 0, 2, 4], "texture": "#0"},
				"west": {"uv": [0, 0, 0.75, 4], "texture": "#0"},
				"up": {"uv": [0, 0, 2, 0.75], "texture": "#0"},
				"down": {"uv": [0, 0, 2, 0.75], "texture": "#0"}
			}
		},
		{
			"from": [8, 25, 6.4],
			"to": [10, 29, 7.15],
			"rotation": {"angle": 0, "axis": "y", "origin": [8, 7, 5.15]},
			"faces": {
				"north": {"uv": [0, 0, 2, 4], "texture": "#0"},
				"east": {"uv": [3.07813, 0, 3.82813, 4], "texture": "#0"},
				"south": {"uv": [3.07813, 0, 5.07813, 4], "texture": "#0"},
				"west": {"uv": [0, 0, 0.75, 4], "texture": "#0"},
				"up": {"uv": [0, 0, 2, 0.75], "texture": "#0"},
				"down": {"uv": [0, 0, 2, 0.75], "texture": "#0"}
			}
		},
		{
			"from": [8, 25, 2.65],
			"to": [10, 29, 3.4],
			"rotation": {"angle": 0, "axis": "y", "origin": [8, 7, 1.4]},
			"faces": {
				"north": {"uv": [0, 0, 2, 4], "texture": "#0"},
				"east": {"uv": [3.07813, 0, 3.82813, 4], "texture": "#0"},
				"south": {"uv": [3.07813, 0, 5.07813, 4], "texture": "#0"},
				"west": {"uv": [0, 0, 0.75, 4], "texture": "#0"},
				"up": {"uv": [0, 0, 2, 0.75], "texture": "#0"},
				"down": {"uv": [0, 0, 2, 0.75], "texture": "#0"}
			}
		},
		{
			"from": [8, 25, 5.15],
			"to": [10, 29, 5.9],
			"rotation": {"angle": 0, "axis": "y", "origin": [8, 7, 3.9]},
			"faces": {
				"north": {"uv": [0, 0, 2, 4], "texture": "#0"},
				"east": {"uv": [3.07813, 0, 3.82813, 4], "texture": "#0"},
				"south": {"uv": [3.07813, 0, 5.07813, 4], "texture": "#0"},
				"west": {"uv": [0, 0, 0.75, 4], "texture": "#0"},
				"up": {"uv": [0, 0, 2, 0.75], "texture": "#0"},
				"down": {"uv": [0, 0, 2, 0.75], "texture": "#0"}
			}
		},
		{
			"from": [8, 25, 3.9],
			"to": [10, 29, 4.65],
			"rotation": {"angle": 0, "axis": "y", "origin": [8, 7, 2.65]},
			"faces": {
				"north": {"uv": [0, 0, 2, 4], "texture": "#0"},
				"east": {"uv": [0, 0, 0.75, 4], "texture": "#0"},
				"south": {"uv": [3.07813, 0, 5.07813, 4], "texture": "#0"},
				"west": {"uv": [0, 0, 0.75, 4], "texture": "#0"},
				"up": {"uv": [0, 0, 2, 0.75], "texture": "#0"},
				"down": {"uv": [0, 0, 2, 0.75], "texture": "#0"}
			}
		},
		{
			"from": [8, 26, 0],
			"to": [10, 31, 2],
			"rotation": {"angle": 0, "axis": "y", "origin": [8, 9, 0]},
			"faces": {
				"north": {"uv": [0, 0, 2, 5], "texture": "#0"},
				"east": {"uv": [0, 0, 2, 5], "texture": "#0"},
				"south": {"uv": [0, 0, 2, 5], "texture": "#0"},
				"west": {"uv": [0, 0, 2, 5], "texture": "#0"},
				"up": {"uv": [0, 0, 2, 2], "texture": "#0"},
				"down": {"uv": [0, 0, 2, 2], "texture": "#0"}
			}
		},
		{
			"from": [8, 29, 2],
			"to": [10, 32, 14],
			"rotation": {"angle": 0, "axis": "y", "origin": [8, 10, 2]},
			"faces": {
				"north": {"uv": [0, 0, 2, 3], "texture": "#0"},
				"east": {"uv": [3.07813, 0, 15.07813, 3], "texture": "#0"},
				"south": {"uv": [0, 0, 2, 3], "texture": "#0"},
				"west": {"uv": [0, 0, 12, 3], "texture": "#0"},
				"up": {"uv": [0, 0, 2, 12], "texture": "#0"},
				"down": {"uv": [0, 0, 2, 12], "texture": "#0"}
			}
		}
	],
	"display": {
		"gui": {
			"rotation": [26, 54, 0]
		}
	}
}