{
	"credit": "Made with Blockbench",
	"textures": {
		"0": "block/red_wool",
		"1": "block/light_gray_concrete",
		"particle": "reding"
	},
	"elements": [
		{
			"from": [5, 0, 1],
			"to": [11, 5, 14],
			"rotation": {"angle": 0, "axis": "y", "origin": [7, 0, 1]},
			"faces": {
				"north": {"uv": [0, 0, 6, 5], "texture": "#0"},
				"east": {"uv": [0, 0, 13, 5], "texture": "#0"},
				"south": {"uv": [0, 0, 6, 5], "texture": "#0"},
				"west": {"uv": [0, 0, 13, 5], "texture": "#0"},
				"up": {"uv": [0, 0, 6, 13], "texture": "#0"},
				"down": {"uv": [0, 0, 6, 13], "texture": "#0"}
			}
		},
		{
			"from": [7, 5, 3],
			"to": [9, 6.75, 3.75],
			"rotation": {"angle": 0, "axis": "y", "origin": [7, 5, 3]},
			"faces": {
				"north": {"uv": [0, 0, 2, 1.75], "texture": "#1"},
				"east": {"uv": [0, 0, 0.75, 1.75], "texture": "#1"},
				"south": {"uv": [0, 0, 2, 1.75], "texture": "#1"},
				"west": {"uv": [0, 0, 0.75, 1.75], "texture": "#1"},
				"up": {"uv": [0, 0, 2, 0.75], "texture": "#1"},
				"down": {"uv": [0, 0, 2, 0.75], "texture": "#1"}
			}
		},
		{
			"from": [4.5, 2.275, 3.225],
			"to": [5.125, 3.525, 3.975],
			"rotation": {"angle": 0, "axis": "y", "origin": [4.5, 1.775, 3.225]},
			"faces": {
				"north": {"uv": [0, 0, 0.625, 1.25], "texture": "#1"},
				"east": {"uv": [0, 0, 0.75, 1.25], "texture": "#1"},
				"south": {"uv": [0, 0, 0.625, 1.25], "texture": "#1"},
				"west": {"uv": [0, 0, 0.75, 1.25], "texture": "#1"},
				"up": {"uv": [0, 0, 0.625, 0.75], "texture": "#1"},
				"down": {"uv": [0, 0, 0.625, 0.75], "texture": "#1"}
			}
		},
		{
			"from": [4.5, 2.275, 11.2],
			"to": [5.125, 3.525, 11.95],
			"rotation": {"angle": 0, "axis": "y", "origin": [4.5, 1.775, 11.2]},
			"faces": {
				"north": {"uv": [0, 0, 0.625, 1.25], "texture": "#1"},
				"east": {"uv": [0, 0, 0.75, 1.25], "texture": "#1"},
				"south": {"uv": [0, 0, 0.625, 1.25], "texture": "#1"},
				"west": {"uv": [0, 0, 0.75, 1.25], "texture": "#1"},
				"up": {"uv": [0, 0, 0.625, 0.75], "texture": "#1"},
				"down": {"uv": [0, 0, 0.625, 0.75], "texture": "#1"}
			}
		},
		{
			"from": [7, 6.725, 3],
			"to": [9, 7.475, 12],
			"rotation": {"angle": 0, "axis": "y", "origin": [7, 5.725, 3]},
			"faces": {
				"north": {"uv": [0, 0, 2, 0.75], "texture": "#1"},
				"east": {"uv": [0, 0, 9, 0.75], "texture": "#1"},
				"south": {"uv": [0, 0, 2, 0.75], "texture": "#1"},
				"west": {"uv": [0, 0, 9, 0.75], "texture": "#1"},
				"up": {"uv": [0, 0, 2, 9], "texture": "#1"},
				"down": {"uv": [0, 0, 2, 9], "texture": "#1"}
			}
		},
		{
			"from": [7, 5, 11.25],
			"to": [9, 6.75, 12],
			"rotation": {"angle": 0, "axis": "y", "origin": [7, 5, 11.25]},
			"faces": {
				"north": {"uv": [0, 0, 2, 1.75], "texture": "#1"},
				"east": {"uv": [0, 0, 0.75, 1.75], "texture": "#1"},
				"south": {"uv": [0, 0, 2, 1.75], "texture": "#1"},
				"west": {"uv": [0, 0, 0.75, 1.75], "texture": "#1"},
				"up": {"uv": [0, 0, 2, 0.75], "texture": "#1"},
				"down": {"uv": [0, 0, 2, 0.75], "texture": "#1"}
			}
		}
	],
	"display": {}
}