{
	"credit": "Made with Blockbench",
	"texture_size": [32, 32],
	"textures": {
		"0": "block/krest",
		"particle": "block/krest"
	},
	"elements": [
		{
			"from": [7, 0, 7],
			"to": [9, 16, 9],
			"rotation": {"angle": 0, "axis": "y", "origin": [7, 0, 7]},
			"faces": {
				"north": {"uv": [0, 0, 1, 8], "texture": "#0"},
				"east": {"uv": [1, 0, 2, 8], "texture": "#0"},
				"south": {"uv": [2, 0, 3, 8], "texture": "#0"},
				"west": {"uv": [3, 0, 4, 8], "texture": "#0"},
				"up": {"uv": [4, 9, 3, 8], "texture": "#0"},
				"down": {"uv": [1, 9.5, 0, 10.5], "texture": "#0"}
			}
		},
		{
			"from": [9, 6, 7],
			"to": [9.25, 8, 9],
			"rotation": {"angle": 0, "axis": "y", "origin": [7.25, 0, 7]},
			"faces": {
				"north": {"uv": [10, 4, 10.5, 5], "texture": "#0"},
				"east": {"uv": [1, 9.5, 2, 10.5], "texture": "#0"},
				"south": {"uv": [5, 10, 5.5, 11], "texture": "#0"},
				"west": {"uv": [2, 9.5, 3, 10.5], "texture": "#0"},
				"up": {"uv": [10.5, 6, 10, 5], "texture": "#0"},
				"down": {"uv": [6, 10, 5.5, 11], "texture": "#0"}
			}
		},
		{
			"from": [6.75, 6, 7],
			"to": [7, 8, 9],
			"rotation": {"angle": 0, "axis": "y", "origin": [5, 0, 7]},
			"faces": {
				"north": {"uv": [6, 10, 6.5, 11], "texture": "#0"},
				"east": {"uv": [10, 0, 11, 1], "texture": "#0"},
				"south": {"uv": [10, 6, 10.5, 7], "texture": "#0"},
				"west": {"uv": [10, 1, 11, 2], "texture": "#0"},
				"up": {"uv": [7, 11, 6.5, 10], "texture": "#0"},
				"down": {"uv": [7.5, 10, 7, 11], "texture": "#0"}
			}
		},
		{
			"from": [6.75, -0.25, 6.75],
			"to": [9.25, 2.25, 9.25],
			"rotation": {"angle": 0, "axis": "y", "origin": [7, 0, 7]},
			"faces": {
				"north": {"uv": [4, 0, 5.5, 1.5], "texture": "#0"},
				"east": {"uv": [4, 1.5, 5.5, 3], "texture": "#0"},
				"south": {"uv": [4, 3, 5.5, 4.5], "texture": "#0"},
				"west": {"uv": [4, 4.5, 5.5, 6], "texture": "#0"},
				"up": {"uv": [7, 1.5, 5.5, 0], "texture": "#0"},
				"down": {"uv": [7, 1.5, 5.5, 3], "texture": "#0"}
			}
		},
		{
			"from": [6.75, 13.75, 6.75],
			"to": [9.25, 16.25, 9.25],
			"rotation": {"angle": 0, "axis": "y", "origin": [7, 14, 7]},
			"faces": {
				"north": {"uv": [5.5, 3, 7, 4.5], "texture": "#0"},
				"east": {"uv": [5.5, 4.5, 7, 6], "texture": "#0"},
				"south": {"uv": [4, 6, 5.5, 7.5], "texture": "#0"},
				"west": {"uv": [5.5, 6, 7, 7.5], "texture": "#0"},
				"up": {"uv": [8.5, 1.5, 7, 0], "texture": "#0"},
				"down": {"uv": [8.5, 1.5, 7, 3], "texture": "#0"}
			}
		},
		{
			"from": [1.75, 9.75, 6.75],
			"to": [4.25, 12.25, 9.25],
			"rotation": {"angle": 0, "axis": "y", "origin": [2, 10, 7]},
			"faces": {
				"north": {"uv": [7, 3, 8.5, 4.5], "texture": "#0"},
				"east": {"uv": [7, 4.5, 8.5, 6], "texture": "#0"},
				"south": {"uv": [7, 6, 8.5, 7.5], "texture": "#0"},
				"west": {"uv": [4, 7.5, 5.5, 9], "texture": "#0"},
				"up": {"uv": [7, 9, 5.5, 7.5], "texture": "#0"},
				"down": {"uv": [8.5, 7.5, 7, 9], "texture": "#0"}
			}
		},
		{
			"from": [11.75, 9.75, 6.75],
			"to": [14.25, 12.25, 9.25],
			"rotation": {"angle": 0, "axis": "y", "origin": [12, 10, 7]},
			"faces": {
				"north": {"uv": [0, 8, 1.5, 9.5], "texture": "#0"},
				"east": {"uv": [1.5, 8, 3, 9.5], "texture": "#0"},
				"south": {"uv": [8.5, 0, 10, 1.5], "texture": "#0"},
				"west": {"uv": [8.5, 1.5, 10, 3], "texture": "#0"},
				"up": {"uv": [10, 4.5, 8.5, 3], "texture": "#0"},
				"down": {"uv": [10, 4.5, 8.5, 6], "texture": "#0"}
			}
		},
		{
			"from": [9, 10, 7],
			"to": [12, 12, 9],
			"rotation": {"angle": 0, "axis": "y", "origin": [9, 3, 7]},
			"faces": {
				"north": {"uv": [8.5, 6, 10, 7], "texture": "#0"},
				"east": {"uv": [10, 2, 11, 3], "texture": "#0"},
				"south": {"uv": [8.5, 7, 10, 8], "texture": "#0"},
				"west": {"uv": [3, 10, 4, 11], "texture": "#0"},
				"up": {"uv": [10, 9, 8.5, 8], "texture": "#0"},
				"down": {"uv": [4.5, 9, 3, 10], "texture": "#0"}
			}
		},
		{
			"from": [4, 10, 7],
			"to": [7, 12, 9],
			"rotation": {"angle": 0, "axis": "y", "origin": [3, 3, 7]},
			"faces": {
				"north": {"uv": [4.5, 9, 6, 10], "texture": "#0"},
				"east": {"uv": [10, 3, 11, 4], "texture": "#0"},
				"south": {"uv": [6, 9, 7.5, 10], "texture": "#0"},
				"west": {"uv": [4, 10, 5, 11], "texture": "#0"},
				"up": {"uv": [9, 10, 7.5, 9], "texture": "#0"},
				"down": {"uv": [10.5, 9, 9, 10], "texture": "#0"}
			}
		}
	],
	"display": {
		"thirdperson_righthand": {
			"rotation": [2.18, 23.66, -10.47],
			"translation": [0, 2, 1],
			"scale": [0.51, 0.51, 0.51]
		},
		"thirdperson_lefthand": {
			"rotation": [67, 0, 0],
			"translation": [-6, 5, 27],
			"scale": [0.5, 0.5, 0.5]
		},
		"firstperson_righthand": {
			"rotation": [9, 1.75, 0],
			"translation": [4.75, 0, -4.75]
		},
		"firstperson_lefthand": {
			"rotation": [-1.75, 0, 0],
			"translation": [25.75, 0, 0],
			"scale": [0, 0, 0]
		},
		"ground": {
			"rotation": [-90, 0, 0],
			"translation": [0, -1, 0],
			"scale": [0.6, 0.6, 0.6]
		},
		"gui": {
			"rotation": [20, -39, 0],
			"translation": [0.25, 0, 0],
			"scale": [0.9, 0.9, 0.9]
		}
	}
}