{
	"credit": "Made with Blockbench",
	"textures": {
		"0": "block/bone_block_side",
		"particle": "block/bone_block_side"
	},
	"elements": [
		{
			"from": [0, -3, 3.525],
			"to": [1, 2, 4.525],
			"rotation": {"angle": 22.5, "axis": "z", "origin": [0, 0, 3.525]},
			"faces": {
				"north": {"uv": [0, 0, 1, 5], "texture": "#0"},
				"east": {"uv": [0, 0, 1, 5], "texture": "#0"},
				"south": {"uv": [0, 0, 1, 5], "texture": "#0"},
				"west": {"uv": [0, 0, 1, 5], "texture": "#0"},
				"up": {"uv": [0, 0, 1, 1], "texture": "#0"},
				"down": {"uv": [0, 0, 1, 1], "texture": "#0"}
			}
		},
		{
			"from": [-2.1, 5.375, 14.625],
			"to": [-1.1, 9.15, 15.625],
			"rotation": {"angle": -45, "axis": "z", "origin": [-2.1, 3.475, 14.625]},
			"faces": {
				"north": {"uv": [0, 0, 1, 3.775], "texture": "#0"},
				"east": {"uv": [0, 0, 1, 3.775], "texture": "#0"},
				"south": {"uv": [0, 0, 1, 3.775], "texture": "#0"},
				"west": {"uv": [0, 0, 1, 3.775], "texture": "#0"},
				"up": {"uv": [0, 0, 1, 1], "texture": "#0"},
				"down": {"uv": [0, 0, 1, 1], "texture": "#0"}
			}
		},
		{
			"from": [13.375, 4.7, 14.65],
			"to": [14.375, 8.475, 15.65],
			"rotation": {"angle": 45, "axis": "z", "origin": [13.375, 2.8, 14.65]},
			"faces": {
				"north": {"uv": [0, 0, 1, 3.775], "texture": "#0"},
				"east": {"uv": [0, 0, 1, 3.775], "texture": "#0"},
				"south": {"uv": [0, 0, 1, 3.775], "texture": "#0"},
				"west": {"uv": [0, 0, 1, 3.775], "texture": "#0"},
				"up": {"uv": [0, 0, 1, 1], "texture": "#0"},
				"down": {"uv": [0, 0, 1, 1], "texture": "#0"}
			}
		},
		{
			"from": [-0.75, 1.85, 14.625],
			"to": [0.25, 4.85, 15.625],
			"rotation": {"angle": 0, "axis": "y", "origin": [-0.75, 0.25, 14.625]},
			"faces": {
				"north": {"uv": [0, 0, 1, 3], "texture": "#0"},
				"east": {"uv": [0, 0, 1, 3], "texture": "#0"},
				"south": {"uv": [0, 0, 1, 3], "texture": "#0"},
				"west": {"uv": [0, 0, 1, 3], "texture": "#0"},
				"up": {"uv": [0, 0, 1, 1], "texture": "#0"},
				"down": {"uv": [0, 0, 1, 1], "texture": "#0"}
			}
		},
		{
			"from": [11.75, 1.85, 14.625],
			"to": [12.75, 4.85, 15.625],
			"rotation": {"angle": 0, "axis": "y", "origin": [11.75, 0.25, 14.625]},
			"faces": {
				"north": {"uv": [0, 0, 1, 3], "texture": "#0"},
				"east": {"uv": [0, 0, 1, 3], "texture": "#0"},
				"south": {"uv": [0, 0, 1, 3], "texture": "#0"},
				"west": {"uv": [0, 0, 1, 3], "texture": "#0"},
				"up": {"uv": [0, 0, 1, 1], "texture": "#0"},
				"down": {"uv": [0, 0, 1, 1], "texture": "#0"}
			}
		},
		{
			"from": [0, -3, 14.625],
			"to": [1, 2, 15.625],
			"rotation": {"angle": 22.5, "axis": "z", "origin": [0, 0, 14.625]},
			"faces": {
				"north": {"uv": [0, 0, 1, 5], "texture": "#0"},
				"east": {"uv": [0, 0, 1, 5], "texture": "#0"},
				"south": {"uv": [0, 0, 1, 5], "texture": "#0"},
				"west": {"uv": [0, 0, 1, 5], "texture": "#0"},
				"up": {"uv": [0, 0, 1, 1], "texture": "#0"},
				"down": {"uv": [0, 0, 1, 1], "texture": "#0"}
			}
		},
		{
			"from": [11, -3, 14.625],
			"to": [12, 2, 15.625],
			"rotation": {"angle": -22.5, "axis": "z", "origin": [12, 0, 15.625]},
			"faces": {
				"north": {"uv": [0, 0, 1, 5], "texture": "#0"},
				"east": {"uv": [0, 0, 1, 5], "texture": "#0"},
				"south": {"uv": [0, 0, 1, 5], "texture": "#0"},
				"west": {"uv": [0, 0, 1, 5], "texture": "#0"},
				"up": {"uv": [0, 0, 1, 1], "rotation": 180, "texture": "#0"},
				"down": {"uv": [0, 0, 1, 1], "rotation": 180, "texture": "#0"}
			}
		},
		{
			"from": [13.375, 4.7, 12.725],
			"to": [14.375, 8.475, 13.725],
			"rotation": {"angle": 45, "axis": "z", "origin": [13.375, 2.8, 12.725]},
			"faces": {
				"north": {"uv": [0, 0, 1, 3.775], "texture": "#0"},
				"east": {"uv": [0, 0, 1, 3.775], "texture": "#0"},
				"south": {"uv": [0, 0, 1, 3.775], "texture": "#0"},
				"west": {"uv": [0, 0, 1, 3.775], "texture": "#0"},
				"up": {"uv": [0, 0, 1, 1], "texture": "#0"},
				"down": {"uv": [0, 0, 1, 1], "texture": "#0"}
			}
		},
		{
			"from": [11.75, 1.85, 12.7],
			"to": [12.75, 4.85, 13.7],
			"rotation": {"angle": 0, "axis": "y", "origin": [11.75, 0.25, 12.7]},
			"faces": {
				"north": {"uv": [0, 0, 1, 3], "texture": "#0"},
				"east": {"uv": [0, 0, 1, 3], "texture": "#0"},
				"south": {"uv": [0, 0, 1, 3], "texture": "#0"},
				"west": {"uv": [0, 0, 1, 3], "texture": "#0"},
				"up": {"uv": [0, 0, 1, 1], "texture": "#0"},
				"down": {"uv": [0, 0, 1, 1], "texture": "#0"}
			}
		},
		{
			"from": [11, -3, 12.7],
			"to": [12, 2, 13.7],
			"rotation": {"angle": -22.5, "axis": "z", "origin": [12, 0, 13.7]},
			"faces": {
				"north": {"uv": [0, 0, 1, 5], "texture": "#0"},
				"east": {"uv": [0, 0, 1, 5], "texture": "#0"},
				"south": {"uv": [0, 0, 1, 5], "texture": "#0"},
				"west": {"uv": [0, 0, 1, 5], "texture": "#0"},
				"up": {"uv": [0, 0, 1, 1], "rotation": 180, "texture": "#0"},
				"down": {"uv": [0, 0, 1, 1], "rotation": 180, "texture": "#0"}
			}
		},
		{
			"from": [13.375, 4.7, 11],
			"to": [14.375, 8.475, 12],
			"rotation": {"angle": 45, "axis": "z", "origin": [13.375, 2.8, 11]},
			"faces": {
				"north": {"uv": [0, 0, 1, 3.775], "texture": "#0"},
				"east": {"uv": [0, 0, 1, 3.775], "texture": "#0"},
				"south": {"uv": [0, 0, 1, 3.775], "texture": "#0"},
				"west": {"uv": [0, 0, 1, 3.775], "texture": "#0"},
				"up": {"uv": [0, 0, 1, 1], "texture": "#0"},
				"down": {"uv": [0, 0, 1, 1], "texture": "#0"}
			}
		},
		{
			"from": [11.75, 1.85, 10.975],
			"to": [12.75, 4.85, 11.975],
			"rotation": {"angle": 0, "axis": "y", "origin": [11.75, 0.25, 10.975]},
			"faces": {
				"north": {"uv": [0, 0, 1, 3], "texture": "#0"},
				"east": {"uv": [0, 0, 1, 3], "texture": "#0"},
				"south": {"uv": [0, 0, 1, 3], "texture": "#0"},
				"west": {"uv": [0, 0, 1, 3], "texture": "#0"},
				"up": {"uv": [0, 0, 1, 1], "texture": "#0"},
				"down": {"uv": [0, 0, 1, 1], "texture": "#0"}
			}
		},
		{
			"from": [11, -3, 10.975],
			"to": [12, 2, 11.975],
			"rotation": {"angle": -22.5, "axis": "z", "origin": [12, 0, 11.975]},
			"faces": {
				"north": {"uv": [0, 0, 1, 5], "texture": "#0"},
				"east": {"uv": [0, 0, 1, 5], "texture": "#0"},
				"south": {"uv": [0, 0, 1, 5], "texture": "#0"},
				"west": {"uv": [0, 0, 1, 5], "texture": "#0"},
				"up": {"uv": [0, 0, 1, 1], "rotation": 180, "texture": "#0"},
				"down": {"uv": [0, 0, 1, 1], "rotation": 180, "texture": "#0"}
			}
		},
		{
			"from": [13.375, 4.7, 9.075],
			"to": [14.375, 8.475, 10.075],
			"rotation": {"angle": 45, "axis": "z", "origin": [13.375, 2.8, 9.075]},
			"faces": {
				"north": {"uv": [0, 0, 1, 3.775], "texture": "#0"},
				"east": {"uv": [0, 0, 1, 3.775], "texture": "#0"},
				"south": {"uv": [0, 0, 1, 3.775], "texture": "#0"},
				"west": {"uv": [0, 0, 1, 3.775], "texture": "#0"},
				"up": {"uv": [0, 0, 1, 1], "texture": "#0"},
				"down": {"uv": [0, 0, 1, 1], "texture": "#0"}
			}
		},
		{
			"from": [11.75, 1.85, 9.05],
			"to": [12.75, 4.85, 10.05],
			"rotation": {"angle": 0, "axis": "y", "origin": [11.75, 0.25, 9.05]},
			"faces": {
				"north": {"uv": [0, 0, 1, 3], "texture": "#0"},
				"east": {"uv": [0, 0, 1, 3], "texture": "#0"},
				"south": {"uv": [0, 0, 1, 3], "texture": "#0"},
				"west": {"uv": [0, 0, 1, 3], "texture": "#0"},
				"up": {"uv": [0, 0, 1, 1], "texture": "#0"},
				"down": {"uv": [0, 0, 1, 1], "texture": "#0"}
			}
		},
		{
			"from": [11, -3, 9.05],
			"to": [12, 2, 10.05],
			"rotation": {"angle": -22.5, "axis": "z", "origin": [12, 0, 10.05]},
			"faces": {
				"north": {"uv": [0, 0, 1, 5], "texture": "#0"},
				"east": {"uv": [0, 0, 1, 5], "texture": "#0"},
				"south": {"uv": [0, 0, 1, 5], "texture": "#0"},
				"west": {"uv": [0, 0, 1, 5], "texture": "#0"},
				"up": {"uv": [0, 0, 1, 1], "rotation": 180, "texture": "#0"},
				"down": {"uv": [0, 0, 1, 1], "rotation": 180, "texture": "#0"}
			}
		},
		{
			"from": [11.75, 1.85, 5.55],
			"to": [12.75, 4.85, 6.55],
			"rotation": {"angle": 0, "axis": "y", "origin": [11.75, 0.25, 5.55]},
			"faces": {
				"north": {"uv": [0, 0, 1, 3], "texture": "#0"},
				"east": {"uv": [0, 0, 1, 3], "texture": "#0"},
				"south": {"uv": [0, 0, 1, 3], "texture": "#0"},
				"west": {"uv": [0, 0, 1, 3], "texture": "#0"},
				"up": {"uv": [0, 0, 1, 1], "texture": "#0"},
				"down": {"uv": [0, 0, 1, 1], "texture": "#0"}
			}
		},
		{
			"from": [13.375, 4.7, 5.575],
			"to": [14.375, 8.475, 6.575],
			"rotation": {"angle": 45, "axis": "z", "origin": [13.375, 2.8, 5.575]},
			"faces": {
				"north": {"uv": [0, 0, 1, 3.775], "texture": "#0"},
				"east": {"uv": [0, 0, 1, 3.775], "texture": "#0"},
				"south": {"uv": [0, 0, 1, 3.775], "texture": "#0"},
				"west": {"uv": [0, 0, 1, 3.775], "texture": "#0"},
				"up": {"uv": [0, 0, 1, 1], "texture": "#0"},
				"down": {"uv": [0, 0, 1, 1], "texture": "#0"}
			}
		},
		{
			"from": [13.375, 4.7, 7.5],
			"to": [14.375, 8.475, 8.5],
			"rotation": {"angle": 45, "axis": "z", "origin": [13.375, 2.8, 7.5]},
			"faces": {
				"north": {"uv": [0, 0, 1, 3.775], "texture": "#0"},
				"east": {"uv": [0, 0, 1, 3.775], "texture": "#0"},
				"south": {"uv": [0, 0, 1, 3.775], "texture": "#0"},
				"west": {"uv": [0, 0, 1, 3.775], "texture": "#0"},
				"up": {"uv": [0, 0, 1, 1], "texture": "#0"},
				"down": {"uv": [0, 0, 1, 1], "texture": "#0"}
			}
		},
		{
			"from": [11.75, 1.85, 7.475],
			"to": [12.75, 4.85, 8.475],
			"rotation": {"angle": 0, "axis": "y", "origin": [11.75, 0.25, 7.475]},
			"faces": {
				"north": {"uv": [0, 0, 1, 3], "texture": "#0"},
				"east": {"uv": [0, 0, 1, 3], "texture": "#0"},
				"south": {"uv": [0, 0, 1, 3], "texture": "#0"},
				"west": {"uv": [0, 0, 1, 3], "texture": "#0"},
				"up": {"uv": [0, 0, 1, 1], "texture": "#0"},
				"down": {"uv": [0, 0, 1, 1], "texture": "#0"}
			}
		},
		{
			"from": [11, -3, 7.475],
			"to": [12, 2, 8.475],
			"rotation": {"angle": -22.5, "axis": "z", "origin": [12, 0, 8.475]},
			"faces": {
				"north": {"uv": [0, 0, 1, 5], "texture": "#0"},
				"east": {"uv": [0, 0, 1, 5], "texture": "#0"},
				"south": {"uv": [0, 0, 1, 5], "texture": "#0"},
				"west": {"uv": [0, 0, 1, 5], "texture": "#0"},
				"up": {"uv": [0, 0, 1, 1], "rotation": 180, "texture": "#0"},
				"down": {"uv": [0, 0, 1, 1], "rotation": 180, "texture": "#0"}
			}
		},
		{
			"from": [11, -3, 5.55],
			"to": [12, 2, 6.55],
			"rotation": {"angle": -22.5, "axis": "z", "origin": [12, 0, 6.55]},
			"faces": {
				"north": {"uv": [0, 0, 1, 5], "texture": "#0"},
				"east": {"uv": [0, 0, 1, 5], "texture": "#0"},
				"south": {"uv": [0, 0, 1, 5], "texture": "#0"},
				"west": {"uv": [0, 0, 1, 5], "texture": "#0"},
				"up": {"uv": [0, 0, 1, 1], "rotation": 180, "texture": "#0"},
				"down": {"uv": [0, 0, 1, 1], "rotation": 180, "texture": "#0"}
			}
		},
		{
			"from": [13.375, 4.7, 3.85],
			"to": [14.375, 8.475, 4.85],
			"rotation": {"angle": 45, "axis": "z", "origin": [13.375, 2.8, 3.85]},
			"faces": {
				"north": {"uv": [0, 0, 1, 3.775], "texture": "#0"},
				"east": {"uv": [0, 0, 1, 3.775], "texture": "#0"},
				"south": {"uv": [0, 0, 1, 3.775], "texture": "#0"},
				"west": {"uv": [0, 0, 1, 3.775], "texture": "#0"},
				"up": {"uv": [0, 0, 1, 1], "texture": "#0"},
				"down": {"uv": [0, 0, 1, 1], "texture": "#0"}
			}
		},
		{
			"from": [11.75, 1.85, 3.825],
			"to": [12.75, 4.85, 4.825],
			"rotation": {"angle": 0, "axis": "y", "origin": [11.75, 0.25, 3.825]},
			"faces": {
				"north": {"uv": [0, 0, 1, 3], "texture": "#0"},
				"east": {"uv": [0, 0, 1, 3], "texture": "#0"},
				"south": {"uv": [0, 0, 1, 3], "texture": "#0"},
				"west": {"uv": [0, 0, 1, 3], "texture": "#0"},
				"up": {"uv": [0, 0, 1, 1], "texture": "#0"},
				"down": {"uv": [0, 0, 1, 1], "texture": "#0"}
			}
		},
		{
			"from": [11, -3, 3.825],
			"to": [12, 2, 4.825],
			"rotation": {"angle": -22.5, "axis": "z", "origin": [12, 0, 4.825]},
			"faces": {
				"north": {"uv": [0, 0, 1, 5], "texture": "#0"},
				"east": {"uv": [0, 0, 1, 5], "texture": "#0"},
				"south": {"uv": [0, 0, 1, 5], "texture": "#0"},
				"west": {"uv": [0, 0, 1, 5], "texture": "#0"},
				"up": {"uv": [0, 0, 1, 1], "rotation": 180, "texture": "#0"},
				"down": {"uv": [0, 0, 1, 1], "rotation": 180, "texture": "#0"}
			}
		},
		{
			"from": [-2.1, 5.375, 12.875],
			"to": [-1.1, 9.15, 13.875],
			"rotation": {"angle": -45, "axis": "z", "origin": [-2.1, 3.475, 12.875]},
			"faces": {
				"north": {"uv": [0, 0, 1, 3.775], "texture": "#0"},
				"east": {"uv": [0, 0, 1, 3.775], "texture": "#0"},
				"south": {"uv": [0, 0, 1, 3.775], "texture": "#0"},
				"west": {"uv": [0, 0, 1, 3.775], "texture": "#0"},
				"up": {"uv": [0, 0, 1, 1], "texture": "#0"},
				"down": {"uv": [0, 0, 1, 1], "texture": "#0"}
			}
		},
		{
			"from": [-0.75, 1.85, 12.875],
			"to": [0.25, 4.85, 13.875],
			"rotation": {"angle": 0, "axis": "y", "origin": [-0.75, 0.25, 12.875]},
			"faces": {
				"north": {"uv": [0, 0, 1, 3], "texture": "#0"},
				"east": {"uv": [0, 0, 1, 3], "texture": "#0"},
				"south": {"uv": [0, 0, 1, 3], "texture": "#0"},
				"west": {"uv": [0, 0, 1, 3], "texture": "#0"},
				"up": {"uv": [0, 0, 1, 1], "texture": "#0"},
				"down": {"uv": [0, 0, 1, 1], "texture": "#0"}
			}
		},
		{
			"from": [0, -3, 12.875],
			"to": [1, 2, 13.875],
			"rotation": {"angle": 22.5, "axis": "z", "origin": [0, 0, 12.875]},
			"faces": {
				"north": {"uv": [0, 0, 1, 5], "texture": "#0"},
				"east": {"uv": [0, 0, 1, 5], "texture": "#0"},
				"south": {"uv": [0, 0, 1, 5], "texture": "#0"},
				"west": {"uv": [0, 0, 1, 5], "texture": "#0"},
				"up": {"uv": [0, 0, 1, 1], "texture": "#0"},
				"down": {"uv": [0, 0, 1, 1], "texture": "#0"}
			}
		},
		{
			"from": [-2.1, 5.375, 9.2],
			"to": [-1.1, 9.15, 10.2],
			"rotation": {"angle": -45, "axis": "z", "origin": [-2.1, 3.475, 9.2]},
			"faces": {
				"north": {"uv": [0, 0, 1, 3.775], "texture": "#0"},
				"east": {"uv": [0, 0, 1, 3.775], "texture": "#0"},
				"south": {"uv": [0, 0, 1, 3.775], "texture": "#0"},
				"west": {"uv": [0, 0, 1, 3.775], "texture": "#0"},
				"up": {"uv": [0, 0, 1, 1], "texture": "#0"},
				"down": {"uv": [0, 0, 1, 1], "texture": "#0"}
			}
		},
		{
			"from": [-0.75, 1.85, 9.2],
			"to": [0.25, 4.85, 10.2],
			"rotation": {"angle": 0, "axis": "y", "origin": [-0.75, 0.25, 9.2]},
			"faces": {
				"north": {"uv": [0, 0, 1, 3], "texture": "#0"},
				"east": {"uv": [0, 0, 1, 3], "texture": "#0"},
				"south": {"uv": [0, 0, 1, 3], "texture": "#0"},
				"west": {"uv": [0, 0, 1, 3], "texture": "#0"},
				"up": {"uv": [0, 0, 1, 1], "texture": "#0"},
				"down": {"uv": [0, 0, 1, 1], "texture": "#0"}
			}
		},
		{
			"from": [0, -3, 9.2],
			"to": [1, 2, 10.2],
			"rotation": {"angle": 22.5, "axis": "z", "origin": [0, 0, 9.2]},
			"faces": {
				"north": {"uv": [0, 0, 1, 5], "texture": "#0"},
				"east": {"uv": [0, 0, 1, 5], "texture": "#0"},
				"south": {"uv": [0, 0, 1, 5], "texture": "#0"},
				"west": {"uv": [0, 0, 1, 5], "texture": "#0"},
				"up": {"uv": [0, 0, 1, 1], "texture": "#0"},
				"down": {"uv": [0, 0, 1, 1], "texture": "#0"}
			}
		},
		{
			"from": [-2.1, 5.375, 5.4],
			"to": [-1.1, 9.15, 6.4],
			"rotation": {"angle": -45, "axis": "z", "origin": [-2.1, 3.475, 5.4]},
			"faces": {
				"north": {"uv": [0, 0, 1, 3.775], "texture": "#0"},
				"east": {"uv": [0, 0, 1, 3.775], "texture": "#0"},
				"south": {"uv": [0, 0, 1, 3.775], "texture": "#0"},
				"west": {"uv": [0, 0, 1, 3.775], "texture": "#0"},
				"up": {"uv": [0, 0, 1, 1], "texture": "#0"},
				"down": {"uv": [0, 0, 1, 1], "texture": "#0"}
			}
		},
		{
			"from": [-0.75, 1.85, 5.4],
			"to": [0.25, 4.85, 6.4],
			"rotation": {"angle": 0, "axis": "y", "origin": [-0.75, 0.25, 5.4]},
			"faces": {
				"north": {"uv": [0, 0, 1, 3], "texture": "#0"},
				"east": {"uv": [0, 0, 1, 3], "texture": "#0"},
				"south": {"uv": [0, 0, 1, 3], "texture": "#0"},
				"west": {"uv": [0, 0, 1, 3], "texture": "#0"},
				"up": {"uv": [0, 0, 1, 1], "texture": "#0"},
				"down": {"uv": [0, 0, 1, 1], "texture": "#0"}
			}
		},
		{
			"from": [0, -3, 5.4],
			"to": [1, 2, 6.4],
			"rotation": {"angle": 22.5, "axis": "z", "origin": [0, 0, 5.4]},
			"faces": {
				"north": {"uv": [0, 0, 1, 5], "texture": "#0"},
				"east": {"uv": [0, 0, 1, 5], "texture": "#0"},
				"south": {"uv": [0, 0, 1, 5], "texture": "#0"},
				"west": {"uv": [0, 0, 1, 5], "texture": "#0"},
				"up": {"uv": [0, 0, 1, 1], "texture": "#0"},
				"down": {"uv": [0, 0, 1, 1], "texture": "#0"}
			}
		},
		{
			"from": [-2.1, 5.375, 7.3],
			"to": [-1.1, 9.15, 8.3],
			"rotation": {"angle": -45, "axis": "z", "origin": [-2.1, 3.475, 7.3]},
			"faces": {
				"north": {"uv": [0, 0, 1, 3.775], "texture": "#0"},
				"east": {"uv": [0, 0, 1, 3.775], "texture": "#0"},
				"south": {"uv": [0, 0, 1, 3.775], "texture": "#0"},
				"west": {"uv": [0, 0, 1, 3.775], "texture": "#0"},
				"up": {"uv": [0, 0, 1, 1], "texture": "#0"},
				"down": {"uv": [0, 0, 1, 1], "texture": "#0"}
			}
		},
		{
			"from": [-0.75, 1.85, 7.3],
			"to": [0.25, 4.85, 8.3],
			"rotation": {"angle": 0, "axis": "y", "origin": [-0.75, 0.25, 7.3]},
			"faces": {
				"north": {"uv": [0, 0, 1, 3], "texture": "#0"},
				"east": {"uv": [0, 0, 1, 3], "texture": "#0"},
				"south": {"uv": [0, 0, 1, 3], "texture": "#0"},
				"west": {"uv": [0, 0, 1, 3], "texture": "#0"},
				"up": {"uv": [0, 0, 1, 1], "texture": "#0"},
				"down": {"uv": [0, 0, 1, 1], "texture": "#0"}
			}
		},
		{
			"from": [0, -3, 7.3],
			"to": [1, 2, 8.3],
			"rotation": {"angle": 22.5, "axis": "z", "origin": [0, 0, 7.3]},
			"faces": {
				"north": {"uv": [0, 0, 1, 5], "texture": "#0"},
				"east": {"uv": [0, 0, 1, 5], "texture": "#0"},
				"south": {"uv": [0, 0, 1, 5], "texture": "#0"},
				"west": {"uv": [0, 0, 1, 5], "texture": "#0"},
				"up": {"uv": [0, 0, 1, 1], "texture": "#0"},
				"down": {"uv": [0, 0, 1, 1], "texture": "#0"}
			}
		},
		{
			"from": [-0.75, 1.85, 3.525],
			"to": [0.25, 4.85, 4.525],
			"rotation": {"angle": 0, "axis": "z", "origin": [-0.75, 0.25, 3.525]},
			"faces": {
				"north": {"uv": [0, 0, 1, 3], "texture": "#0"},
				"east": {"uv": [0, 0, 1, 3], "texture": "#0"},
				"south": {"uv": [0, 0, 1, 3], "texture": "#0"},
				"west": {"uv": [0, 0, 1, 3], "texture": "#0"},
				"up": {"uv": [0, 0, 1, 1], "texture": "#0"},
				"down": {"uv": [0, 0, 1, 1], "texture": "#0"}
			}
		},
		{
			"from": [-2.1, 5.375, 11.075],
			"to": [-1.1, 9.15, 12.075],
			"rotation": {"angle": -45, "axis": "z", "origin": [-2.1, 3.475, 11.075]},
			"faces": {
				"north": {"uv": [0, 0, 1, 3.775], "texture": "#0"},
				"east": {"uv": [0, 0, 1, 3.775], "texture": "#0"},
				"south": {"uv": [0, 0, 1, 3.775], "texture": "#0"},
				"west": {"uv": [0, 0, 1, 3.775], "texture": "#0"},
				"up": {"uv": [0, 0, 1, 1], "texture": "#0"},
				"down": {"uv": [0, 0, 1, 1], "texture": "#0"}
			}
		},
		{
			"from": [-0.75, 1.85, 11.075],
			"to": [0.25, 4.85, 12.075],
			"rotation": {"angle": 0, "axis": "y", "origin": [-0.75, 0.25, 11.075]},
			"faces": {
				"north": {"uv": [0, 0, 1, 3], "texture": "#0"},
				"east": {"uv": [0, 0, 1, 3], "texture": "#0"},
				"south": {"uv": [0, 0, 1, 3], "texture": "#0"},
				"west": {"uv": [0, 0, 1, 3], "texture": "#0"},
				"up": {"uv": [0, 0, 1, 1], "texture": "#0"},
				"down": {"uv": [0, 0, 1, 1], "texture": "#0"}
			}
		},
		{
			"from": [0, -3, 11.075],
			"to": [1, 2, 12.075],
			"rotation": {"angle": 22.5, "axis": "z", "origin": [0, 0, 11.075]},
			"faces": {
				"north": {"uv": [0, 0, 1, 5], "texture": "#0"},
				"east": {"uv": [0, 0, 1, 5], "texture": "#0"},
				"south": {"uv": [0, 0, 1, 5], "texture": "#0"},
				"west": {"uv": [0, 0, 1, 5], "texture": "#0"},
				"up": {"uv": [0, 0, 1, 1], "texture": "#0"},
				"down": {"uv": [0, 0, 1, 1], "texture": "#0"}
			}
		},
		{
			"from": [-2.1, 5.375, 3.525],
			"to": [-1.1, 9.15, 4.525],
			"rotation": {"angle": -45, "axis": "z", "origin": [-2.1, 3.475, 3.525]},
			"faces": {
				"north": {"uv": [0, 0, 1, 3.775], "texture": "#0"},
				"east": {"uv": [0, 0, 1, 3.775], "texture": "#0"},
				"south": {"uv": [0, 0, 1, 3.775], "texture": "#0"},
				"west": {"uv": [0, 0, 1, 3.775], "texture": "#0"},
				"up": {"uv": [0, 0, 1, 1], "texture": "#0"},
				"down": {"uv": [0, 0, 1, 1], "texture": "#0"}
			}
		}
	]
}