{
	"credit": "Made with Blockbench",
	"textures": {
		"0": "block/gold_block",
		"particle": "block/gold_block"
	},
	"elements": [
		{
			"from": [8, 2.075, 7],
			"to": [9, 18, 8],
			"rotation": {"angle": 22.5, "axis": "z", "origin": [7, 0, 7]},
			"faces": {
				"north": {"uv": [0, 0, 1, 15.925], "texture": "#0"},
				"east": {"uv": [0, 0, 1, 15.925], "texture": "#0"},
				"south": {"uv": [0, 0, 1, 15.925], "texture": "#0"},
				"west": {"uv": [0, 0, 1, 15.925], "texture": "#0"},
				"up": {"uv": [0, 0, 1, 1], "texture": "#0"},
				"down": {"uv": [0, 0, 1, 1], "texture": "#0"}
			}
		},
		{
			"from": [9.85, -2.55, 7],
			"to": [10.85, 1.45, 8],
			"rotation": {"angle": 22.5, "axis": "z", "origin": [8.85, -4.55, 7]},
			"faces": {
				"north": {"uv": [0, 0, 1, 4], "texture": "#0"},
				"east": {"uv": [0, 0, 1, 4], "texture": "#0"},
				"south": {"uv": [0, 0, 1, 4], "texture": "#0"},
				"west": {"uv": [0, 0, 1, 4], "texture": "#0"},
				"up": {"uv": [0, 0, 1, 1], "texture": "#0"},
				"down": {"uv": [0, 0, 1, 1], "texture": "#0"}
			}
		},
		{
			"from": [11.625, -0.825, 7],
			"to": [12.625, 2.175, 8],
			"rotation": {"angle": 22.5, "axis": "z", "origin": [10.625, -3.825, 7]},
			"faces": {
				"north": {"uv": [0, 0, 1, 3], "texture": "#0"},
				"east": {"uv": [0, 0, 1, 3], "texture": "#0"},
				"south": {"uv": [0, 0, 1, 3], "texture": "#0"},
				"west": {"uv": [0, 0, 1, 3], "texture": "#0"},
				"up": {"uv": [0, 0, 1, 1], "texture": "#0"},
				"down": {"uv": [0, 0, 1, 1], "texture": "#0"}
			}
		},
		{
			"from": [7.925, -2.35, 7],
			"to": [8.925, 0.65, 8],
			"rotation": {"angle": 22.5, "axis": "z", "origin": [6.925, -5.35, 7]},
			"faces": {
				"north": {"uv": [0, 0, 1, 3], "texture": "#0"},
				"east": {"uv": [0, 0, 1, 3], "texture": "#0"},
				"south": {"uv": [0, 0, 1, 3], "texture": "#0"},
				"west": {"uv": [0, 0, 1, 3], "texture": "#0"},
				"up": {"uv": [0, 0, 1, 1], "texture": "#0"},
				"down": {"uv": [0, 0, 1, 1], "texture": "#0"}
			}
		},
		{
			"from": [6.725, 2.05, 7],
			"to": [7.975, 2.55, 8],
			"rotation": {"angle": 22.5, "axis": "z", "origin": [6.975, 0.05, 7]},
			"faces": {
				"north": {"uv": [0, 0, 1.25, 0.5], "texture": "#0"},
				"east": {"uv": [0, 0, 1, 0.5], "texture": "#0"},
				"south": {"uv": [0, 0, 1.25, 0.5], "texture": "#0"},
				"west": {"uv": [0, 0, 1, 0.5], "texture": "#0"},
				"up": {"uv": [0, 0, 1.25, 1], "texture": "#0"},
				"down": {"uv": [0, 0, 1.25, 1], "texture": "#0"}
			}
		},
		{
			"from": [8.825, 2.825, 7],
			"to": [10.075, 3.325, 8],
			"rotation": {"angle": 22.5, "axis": "z", "origin": [8.825, 0.825, 7]},
			"faces": {
				"north": {"uv": [0, 0, 1.25, 0.5], "texture": "#0"},
				"east": {"uv": [0, 0, 1, 0.5], "texture": "#0"},
				"south": {"uv": [0, 0, 1.25, 0.5], "texture": "#0"},
				"west": {"uv": [0, 0, 1, 0.5], "texture": "#0"},
				"up": {"uv": [0, 0, 1.25, 1], "texture": "#0"},
				"down": {"uv": [0, 0, 1.25, 1], "texture": "#0"}
			}
		},
		{
			"from": [6.25, 1.1, 7],
			"to": [11.25, 2.1, 8],
			"rotation": {"angle": 22.5, "axis": "z", "origin": [7.25, -0.9, 7]},
			"faces": {
				"north": {"uv": [0, 0, 5, 1], "texture": "#0"},
				"east": {"uv": [0, 0, 1, 1], "texture": "#0"},
				"south": {"uv": [0, 0, 5, 1], "texture": "#0"},
				"west": {"uv": [0, 0, 1, 1], "texture": "#0"},
				"up": {"uv": [0, 0, 5, 1], "texture": "#0"},
				"down": {"uv": [0, 0, 5, 1], "texture": "#0"}
			}
		}
	],
	"display": {
		"gui": {
			"rotation": [26, 54, 0]
		}
	}
}