{
	"credit": "Made with Blockbench",
	"textures": {
		"0": "block/redstone_block",
		"particle": "block/redstone_block"
	},
	"elements": [
		{
			"from": [7.25, 0.75, 7.75],
			"to": [10.25, 10.75, 10.75],
			"rotation": {"angle": 45, "axis": "x", "origin": [7.25, 0.75, 7.75]},
			"faces": {
				"north": {"uv": [0, 0, 3, 10], "texture": "#0"},
				"east": {"uv": [0, 0, 3, 10], "texture": "#0"},
				"south": {"uv": [0.05634, 0, 3, 7.15493], "texture": "#0"},
				"west": {"uv": [0.50873, 1.61502, 3.77818, 12.71933], "texture": "#0"},
				"up": {"uv": [0, 0, 3, 3], "texture": "#0"},
				"down": {"uv": [0, 0, 3, 3], "texture": "#0"}
			}
		},
		{
			"from": [9, 0, 6],
			"to": [12, 15, 9],
			"rotation": {"angle": -22.5, "axis": "y", "origin": [9, 0, 6]},
			"faces": {
				"north": {"uv": [0, 0, 3, 15], "texture": "#0"},
				"east": {"uv": [0, 0, 3, 15], "texture": "#0"},
				"south": {"uv": [0.05634, 0, 3.04225, 8.0892], "texture": "#0"},
				"west": {"uv": [0, 0, 3.60917, 10.92488], "texture": "#0"},
				"up": {"uv": [0, 0, 3, 3], "texture": "#0"},
				"down": {"uv": [0, 0, 3, 3], "texture": "#0"}
			}
		},
		{
			"from": [7, 0, 7],
			"to": [10, 10, 10],
			"rotation": {"angle": 22.5, "axis": "z", "origin": [8, 0, 7]},
			"faces": {
				"north": {"uv": [0, 0, 3, 10], "texture": "#0"},
				"east": {"uv": [0, 0, 3, 10], "texture": "#0"},
				"south": {"uv": [0.05634, 0, 3, 7.15493], "texture": "#0"},
				"west": {"uv": [0, 0, 6.65142, 8.8169], "texture": "#0"},
				"up": {"uv": [0, 0, 3, 3], "texture": "#0"},
				"down": {"uv": [0, 0, 3, 3], "texture": "#0"}
			}
		},
		{
			"from": [7, 0, 10],
			"to": [10, 12, 13],
			"rotation": {"angle": -22.5, "axis": "z", "origin": [8, 0, 10]},
			"faces": {
				"north": {"uv": [0, 0, 3, 12], "texture": "#0"},
				"east": {"uv": [0, 0, 3, 12], "texture": "#0"},
				"south": {"uv": [1.73948, 0, 8.99061, 9.9324], "texture": "#0"},
				"west": {"uv": [0.27628, 0, 3.4507, 11.6393], "texture": "#0"},
				"up": {"uv": [0, 0, 3, 3], "texture": "#0"},
				"down": {"uv": [0, 0, 3, 3], "texture": "#0"}
			}
		}
	],
	"display": {}
}