{
	"credit": "Made with Blockbench",
	"textures": {
		"0": "block/red_wool",
		"1": "block/light_blue_stained_glass",
		"particle": "block/red_wool"
	},
	"elements": [
		{
			"from": [5, 0, 5],
			"to": [7.25, 2.25, 8],
			"faces": {
				"north": {"uv": [0, 0, 2.25, 2.25], "texture": "#0"},
				"east": {"uv": [0, 0, 3, 2.25], "texture": "#0"},
				"south": {"uv": [0, 0, 2.25, 2.25], "texture": "#0"},
				"west": {"uv": [0, 0, 3, 2.25], "texture": "#0"},
				"up": {"uv": [0, 0, 2.25, 3], "texture": "#0"},
				"down": {"uv": [0, 0, 2.25, 3], "texture": "#0"}
			}
		},
		{
			"from": [6, 1.5, 12],
			"to": [10, 8, 13],
			"faces": {
				"north": {"uv": [0, 0, 4, 6.5], "texture": "#0"},
				"east": {"uv": [0, 0, 1, 6.5], "texture": "#0"},
				"south": {"uv": [0, 0, 4, 6.5], "texture": "#0"},
				"west": {"uv": [0, 0, 1, 6.5], "texture": "#0"},
				"up": {"uv": [0, 0, 4, 1], "texture": "#0"},
				"down": {"uv": [0, 0, 4, 1], "texture": "#0"}
			}
		},
		{
			"from": [5, 0, 8],
			"to": [11, 9, 12],
			"faces": {
				"north": {"uv": [0, 0, 6, 9], "texture": "#0"},
				"east": {"uv": [0, 0, 4, 9], "texture": "#0"},
				"south": {"uv": [0, 0, 6, 9], "texture": "#0"},
				"west": {"uv": [0, 0, 4, 9], "texture": "#0"},
				"up": {"uv": [0, 0, 6, 4], "texture": "#0"},
				"down": {"uv": [0, 0, 6, 4], "texture": "#0"}
			}
		},
		{
			"from": [6, 5.325, 7.325],
			"to": [10, 8, 8],
			"faces": {
				"north": {"uv": [0, 0, 5, 2], "texture": "#1"},
				"east": {"uv": [0, 0, 0.675, 2.675], "texture": "#1"},
				"south": {"uv": [0, 0, 4, 2.675], "texture": "#1"},
				"west": {"uv": [0, 0, 0.675, 2.675], "texture": "#1"},
				"up": {"uv": [0, 0, 4, 0.675], "texture": "#1"},
				"down": {"uv": [0, 0, 4, 0.675], "texture": "#1"}
			}
		},
		{
			"from": [6, 9, 8],
			"to": [10, 9.5, 12],
			"faces": {
				"north": {"uv": [0, 0, 4, 0.5], "texture": "#0"},
				"east": {"uv": [0, 0, 4, 0.5], "texture": "#0"},
				"south": {"uv": [0, 0, 4, 0.5], "texture": "#0"},
				"west": {"uv": [0, 0, 4, 0.5], "texture": "#0"},
				"up": {"uv": [0, 0, 4, 4], "texture": "#0"},
				"down": {"uv": [0, 0, 4, 4], "texture": "#0"}
			}
		},
		{
			"from": [8.75, 0, 5],
			"to": [11, 2.25, 8],
			"faces": {
				"north": {"uv": [0, 0, 2.25, 2.25], "texture": "#0"},
				"east": {"uv": [0, 0, 3, 2.25], "texture": "#0"},
				"south": {"uv": [0, 0, 2.25, 2.25], "texture": "#0"},
				"west": {"uv": [0, 0, 3, 2.25], "texture": "#0"},
				"up": {"uv": [0, 0, 2.25, 3], "texture": "#0"},
				"down": {"uv": [0, 0, 2.25, 3], "texture": "#0"}
			}
		}
	],
	"display": {
		"thirdperson_righthand": {
			"scale": [0, 0, 0]
		},
		"thirdperson_lefthand": {
			"scale": [0, 0, 0]
		},
		"firstperson_righthand": {
			"scale": [0, 0, 0]
		},
		"firstperson_lefthand": {
			"scale": [0, 0, 0]
		},
		"gui": {
			"rotation": [44, 133, 0],
			"translation": [0, 2.25, 0]
		},
		"head": {
			"translation": [0, 17.25, -2.25],
			"scale": [1.4, 1.38, 1.38]
		}
	}
}