{
	"credit": "Made with Blockbench",
	"textures": {
		"0": "block/ender",
		"particle": "block/ender"
	},
	"elements": [
		{
			"from": [7.375, 0, 7.25],
			"to": [7.875, 4.5, 7.75],
			"rotation": {"angle": 0, "axis": "y", "origin": [7.125, 0, 7]},
			"faces": {
				"north": {"uv": [5, 6, 6, 11], "texture": "#0"},
				"east": {"uv": [6, 6, 7, 11], "texture": "#0"},
				"south": {"uv": [7, 0, 8, 5], "texture": "#0"},
				"west": {"uv": [7, 5, 8, 10], "texture": "#0"},
				"up": {"uv": [9, 11, 8, 10], "texture": "#0"},
				"down": {"uv": [6, 11, 5, 12], "texture": "#0"}
			}
		},
		{
			"from": [6.625, 1.575, 7.25],
			"to": [7.125, 7.575, 7.75],
			"rotation": {"angle": 0, "axis": "y", "origin": [4.375, 4.575, 7]},
			"faces": {
				"north": {"uv": [0, 0, 1, 6], "texture": "#0"},
				"east": {"uv": [1, 0, 2, 6], "texture": "#0"},
				"south": {"uv": [2, 0, 3, 6], "texture": "#0"},
				"west": {"uv": [3, 0, 4, 6], "texture": "#0"},
				"up": {"uv": [12, 6, 11, 5], "texture": "#0"},
				"down": {"uv": [7, 11, 6, 12], "texture": "#0"}
			}
		},
		{
			"from": [8.875, 1.575, 7.25],
			"to": [9.375, 7.575, 7.75],
			"rotation": {"angle": 0, "axis": "y", "origin": [6.625, 4.575, 7]},
			"faces": {
				"north": {"uv": [4, 0, 5, 6], "texture": "#0"},
				"east": {"uv": [5, 0, 6, 6], "texture": "#0"},
				"south": {"uv": [0, 6, 1, 12], "texture": "#0"},
				"west": {"uv": [6, 0, 7, 6], "texture": "#0"},
				"up": {"uv": [12, 7, 11, 6], "texture": "#0"},
				"down": {"uv": [12, 7, 11, 8], "texture": "#0"}
			}
		},
		{
			"from": [7.125, 4.5, 7.1],
			"to": [8.875, 7.5, 7.9],
			"rotation": {"angle": 0, "axis": "y", "origin": [7, 5, 7.5]},
			"faces": {
				"north": {"uv": [1, 6, 3, 9], "texture": "#0"},
				"east": {"uv": [4, 9, 5, 12], "texture": "#0"},
				"south": {"uv": [3, 6, 5, 9], "texture": "#0"},
				"west": {"uv": [7, 10, 8, 13], "texture": "#0"},
				"up": {"uv": [12, 5, 10, 4], "texture": "#0"},
				"down": {"uv": [4, 11, 2, 12], "texture": "#0"}
			}
		},
		{
			"from": [7, 7.5, 6.6],
			"to": [9, 9.5, 8.4],
			"rotation": {"angle": 0, "axis": "y", "origin": [7, 6.5, 7.5]},
			"faces": {
				"north": {"uv": [2, 9, 4, 11], "texture": "#0"},
				"east": {"uv": [9, 5, 11, 7], "texture": "#0"},
				"south": {"uv": [9, 7, 11, 9], "texture": "#0"},
				"west": {"uv": [9, 9, 11, 11], "texture": "#0"},
				"up": {"uv": [12, 2, 10, 0], "texture": "#0"},
				"down": {"uv": [12, 2, 10, 4], "texture": "#0"}
			}
		},
		{
			"from": [7.025, 8.325, 6.575],
			"to": [7.875, 8.625, 6.6],
			"rotation": {"angle": 0, "axis": "y", "origin": [6.975, 7.4, 7.45]},
			"faces": {
				"north": {"uv": [8, 11, 9, 12], "texture": "#0"},
				"east": {"uv": [11, 8, 12, 9], "texture": "#0"},
				"south": {"uv": [9, 11, 10, 12], "texture": "#0"},
				"west": {"uv": [11, 9, 12, 10], "texture": "#0"},
				"up": {"uv": [11, 12, 10, 11], "texture": "#0"},
				"down": {"uv": [12, 10, 11, 11], "texture": "#0"}
			}
		},
		{
			"from": [8.125, 8.325, 6.575],
			"to": [8.975, 8.625, 6.6],
			"rotation": {"angle": 0, "axis": "y", "origin": [8.075, 7.4, 7.45]},
			"faces": {
				"north": {"uv": [11, 11, 12, 12], "texture": "#0"},
				"east": {"uv": [0, 12, 1, 13], "texture": "#0"},
				"south": {"uv": [12, 0, 13, 1], "texture": "#0"},
				"west": {"uv": [12, 1, 13, 2], "texture": "#0"},
				"up": {"uv": [3, 13, 2, 12], "texture": "#0"},
				"down": {"uv": [13, 2, 12, 3], "texture": "#0"}
			}
		},
		{
			"from": [8.375, 8.325, 6.55],
			"to": [8.725, 8.625, 6.575],
			"rotation": {"angle": 0, "axis": "y", "origin": [8.075, 7.4, 7.425]},
			"faces": {
				"north": {"uv": [3, 12, 4, 13], "texture": "#0"},
				"east": {"uv": [12, 3, 13, 4], "texture": "#0"},
				"south": {"uv": [4, 12, 5, 13], "texture": "#0"},
				"west": {"uv": [12, 4, 13, 5], "texture": "#0"},
				"up": {"uv": [6, 13, 5, 12], "texture": "#0"},
				"down": {"uv": [13, 5, 12, 6], "texture": "#0"}
			}
		},
		{
			"from": [7.275, 8.325, 6.55],
			"to": [7.625, 8.625, 6.575],
			"rotation": {"angle": 0, "axis": "y", "origin": [6.975, 7.4, 7.425]},
			"faces": {
				"north": {"uv": [6, 12, 7, 13], "texture": "#0"},
				"east": {"uv": [12, 6, 13, 7], "texture": "#0"},
				"south": {"uv": [12, 7, 13, 8], "texture": "#0"},
				"west": {"uv": [8, 12, 9, 13], "texture": "#0"},
				"up": {"uv": [13, 9, 12, 8], "texture": "#0"},
				"down": {"uv": [10, 12, 9, 13], "texture": "#0"}
			}
		},
		{
			"from": [8.1, 0, 7.25],
			"to": [8.6, 4.5, 7.75],
			"rotation": {"angle": 0, "axis": "y", "origin": [7.85, 0, 7]},
			"faces": {
				"north": {"uv": [8, 0, 9, 5], "texture": "#0"},
				"east": {"uv": [8, 5, 9, 10], "texture": "#0"},
				"south": {"uv": [9, 0, 10, 5], "texture": "#0"},
				"west": {"uv": [1, 9, 2, 14], "texture": "#0"},
				"up": {"uv": [13, 10, 12, 9], "texture": "#0"},
				"down": {"uv": [11, 12, 10, 13], "texture": "#0"}
			}
		}
	],
	"display": {
		"firstperson_righthand": {
			"rotation": [0, 91, 0],
			"translation": [2.25, 3.5, 0]
		}
	}
}