{
	"credit": "Made with Blockbench",
	"textures": {
		"0": "block/staticlist_e",
		"particle": "block/staticlist_e"
	},
	"elements": [
		{
			"from": [0, 0, 0],
			"to": [0.3, 32, 32],
			"faces": {
				"north": {"uv": [0, 0, 0.3, 16], "texture": "#0"},
				"east": {"uv": [0, 0, 16, 16], "texture": "#0"},
				"south": {"uv": [0, 0, 0.3, 16], "texture": "#0"},
				"west": {"uv": [0, 0, 16, 16], "texture": "#0"},
				"up": {"uv": [0, 0, 0.3, 16], "texture": "#0"},
				"down": {"uv": [0, 0, 0.3, 16], "texture": "#0"}
			}
		}
	],
	"display": {}
}