{
	"credit": "Made with Blockbench",
	"texture_size": [32, 32],
	"textures": {
		"0": "block/batut",
		"particle": "block/batut"
	},
	"elements": [
		{
			"from": [5, 0, 4.75],
			"to": [6, 2.55, 5.75],
			"rotation": {"angle": 0, "axis": "y", "origin": [5, 0, 4.75]},
			"faces": {
				"north": {"uv": [3.5, 6, 4, 7], "texture": "#0"},
				"east": {"uv": [4, 6, 4.5, 7], "texture": "#0"},
				"south": {"uv": [0, 7, 0.5, 8], "texture": "#0"},
				"west": {"uv": [7, 0, 7.5, 1], "texture": "#0"},
				"up": {"uv": [6.5, 7.5, 6, 7], "texture": "#0"},
				"down": {"uv": [7, 7, 6.5, 7.5], "texture": "#0"}
			}
		},
		{
			"from": [11.5, 0, 11.25],
			"to": [12.5, 2.55, 12.25],
			"rotation": {"angle": 0, "axis": "y", "origin": [11.5, 0, 11.25]},
			"faces": {
				"north": {"uv": [0.5, 7, 1, 8], "texture": "#0"},
				"east": {"uv": [1, 7, 1.5, 8], "texture": "#0"},
				"south": {"uv": [7, 1, 7.5, 2], "texture": "#0"},
				"west": {"uv": [1.5, 7, 2, 8], "texture": "#0"},
				"up": {"uv": [7.5, 7.5, 7, 7], "texture": "#0"},
				"down": {"uv": [8, 0, 7.5, 0.5], "texture": "#0"}
			}
		},
		{
			"from": [12.1, 2, 5.5],
			"to": [12.75, 2.525, 11.5],
			"rotation": {"angle": 0, "axis": "y", "origin": [11.75, 0.25, 11.5]},
			"faces": {
				"north": {"uv": [7.5, 0.5, 8, 1], "texture": "#0"},
				"east": {"uv": [3.5, 2, 6.5, 2.5], "texture": "#0"},
				"south": {"uv": [7.5, 1, 8, 1.5], "texture": "#0"},
				"west": {"uv": [3.5, 2.5, 6.5, 3], "texture": "#0"},
				"up": {"uv": [4, 6, 3.5, 3], "texture": "#0"},
				"down": {"uv": [4.5, 3, 4, 6], "texture": "#0"}
			}
		},
		{
			"from": [4.75, 2, 5.5],
			"to": [5.4, 2.525, 11.5],
			"rotation": {"angle": 0, "axis": "y", "origin": [4.4, 0.25, 11.5]},
			"faces": {
				"north": {"uv": [7.5, 1.5, 8, 2], "texture": "#0"},
				"east": {"uv": [4.5, 3, 7.5, 3.5], "texture": "#0"},
				"south": {"uv": [7.5, 3, 8, 3.5], "texture": "#0"},
				"west": {"uv": [4.5, 3.5, 7.5, 4], "texture": "#0"},
				"up": {"uv": [5, 7, 4.5, 4], "texture": "#0"},
				"down": {"uv": [5.5, 4, 5, 7], "texture": "#0"}
			}
		},
		{
			"from": [5.75, 2, 4.5],
			"to": [11.75, 2.525, 5.15],
			"rotation": {"angle": 0, "axis": "y", "origin": [4.4, 0.25, 11.5]},
			"faces": {
				"north": {"uv": [5.5, 4, 8.5, 4.5], "texture": "#0"},
				"east": {"uv": [7.5, 3.5, 8, 4], "texture": "#0"},
				"south": {"uv": [5.5, 4.5, 8.5, 5], "texture": "#0"},
				"west": {"uv": [6, 7.5, 6.5, 8], "texture": "#0"},
				"up": {"uv": [8.5, 5.5, 5.5, 5], "texture": "#0"},
				"down": {"uv": [8.5, 5.5, 5.5, 6], "texture": "#0"}
			}
		},
		{
			"from": [5.4, 2.325, 5.15],
			"to": [12.125, 2.35, 11.875],
			"rotation": {"angle": 0, "axis": "y", "origin": [4.4, 0.25, 12.15]},
			"faces": {
				"north": {"uv": [3.5, 0, 7, 0.5], "texture": "#0"},
				"east": {"uv": [3.5, 0.5, 7, 1], "texture": "#0"},
				"south": {"uv": [3.5, 1, 7, 1.5], "texture": "#0"},
				"west": {"uv": [3.5, 1.5, 7, 2], "texture": "#0"},
				"up": {"uv": [3.5, 3.5, 0, 0], "texture": "#0"},
				"down": {"uv": [3.5, 3.5, 0, 7], "texture": "#0"}
			}
		},
		{
			"from": [5.75, 2, 11.85],
			"to": [11.75, 2.525, 12.5],
			"rotation": {"angle": 0, "axis": "y", "origin": [4.4, 0.25, 18.85]},
			"faces": {
				"north": {"uv": [5.5, 6, 8.5, 6.5], "texture": "#0"},
				"east": {"uv": [6.5, 7.5, 7, 8], "texture": "#0"},
				"south": {"uv": [6.5, 2, 9.5, 2.5], "texture": "#0"},
				"west": {"uv": [7, 7.5, 7.5, 8], "texture": "#0"},
				"up": {"uv": [9.5, 3, 6.5, 2.5], "texture": "#0"},
				"down": {"uv": [8.5, 6.5, 5.5, 7], "texture": "#0"}
			}
		},
		{
			"from": [11.5, 0, 4.75],
			"to": [12.5, 2.55, 5.75],
			"rotation": {"angle": 0, "axis": "y", "origin": [11.5, 0, 4.75]},
			"faces": {
				"north": {"uv": [2, 7, 2.5, 8], "texture": "#0"},
				"east": {"uv": [2.5, 7, 3, 8], "texture": "#0"},
				"south": {"uv": [3, 7, 3.5, 8], "texture": "#0"},
				"west": {"uv": [3.5, 7, 4, 8], "texture": "#0"},
				"up": {"uv": [8, 7.5, 7.5, 7], "texture": "#0"},
				"down": {"uv": [8, 7.5, 7.5, 8], "texture": "#0"}
			}
		},
		{
			"from": [5, 0, 11.25],
			"to": [6, 2.525, 12.25],
			"rotation": {"angle": 0, "axis": "y", "origin": [5, 0, 11.25]},
			"faces": {
				"north": {"uv": [4, 7, 4.5, 8], "texture": "#0"},
				"east": {"uv": [4.5, 7, 5, 8], "texture": "#0"},
				"south": {"uv": [5, 7, 5.5, 8], "texture": "#0"},
				"west": {"uv": [5.5, 7, 6, 8], "texture": "#0"},
				"up": {"uv": [0.5, 8.5, 0, 8], "texture": "#0"},
				"down": {"uv": [8.5, 0, 8, 0.5], "texture": "#0"}
			}
		}
	],
	"display": {
		"thirdperson_righthand": {
			"rotation": [0, 48, 0],
			"translation": [-1.25, 4.75, -0.75],
			"scale": [0.63, 0.63, 0.6]
		},
		"thirdperson_lefthand": {
			"scale": [0, 0, 0]
		},
		"firstperson_righthand": {
			"rotation": [-4, 0, 0],
			"translation": [-11, 2.75, -21.25],
			"scale": [3.82, 2.25, 2.57]
		},
		"firstperson_lefthand": {
			"rotation": [31, 0, 0],
			"translation": [-7.5, 0.75, -29],
			"scale": [3.33, 2.19, 2.79]
		},
		"ground": {
			"translation": [2, 4.75, 2.5],
			"scale": [0.89, 0.91, 0.88]
		},
		"gui": {
			"rotation": [38, 50, 0],
			"translation": [-1.25, 12, 0],
			"scale": [1.54, 2.37, 1.51]
		}
	}
}