{
	"credit": "Made with Blockbench",
	"textures": {
		"0": "block/red_candy",
		"particle": "block/red_candy"
	},
	"elements": [
		{
			"from": [6, 5.45, 6.95],
			"to": [10, 9.45, 10.95],
			"rotation": {"angle": -22.5, "axis": "x", "origin": [7, 5.45, 7.95]},
			"faces": {
				"north": {"uv": [8, 0, 12, 4], "texture": "#0"},
				"east": {"uv": [8, 4, 12, 8], "texture": "#0"},
				"south": {"uv": [8, 8, 12, 12], "texture": "#0"},
				"west": {"uv": [0, 10, 4, 14], "texture": "#0"},
				"up": {"uv": [8, 14, 4, 10], "texture": "#0"},
				"down": {"uv": [16, 0, 12, 4], "texture": "#0"}
			}
		},
		{
			"from": [2.2, 8.975, 4.65],
			"to": [6.2, 8.975, 9.425],
			"rotation": {"angle": 45, "axis": "x", "origin": [3.2, 6.975, 6.05]},
			"faces": {
				"north": {"uv": [11, 14, 15, 14], "texture": "#0"},
				"east": {"uv": [10, 15, 14, 15], "texture": "#0"},
				"south": {"uv": [11, 16, 15, 16], "texture": "#0"},
				"west": {"uv": [10, 15, 15, 15], "texture": "#0"},
				"up": {"uv": [4, 5, 0, 0], "texture": "#0"},
				"down": {"uv": [8, 0, 4, 5], "texture": "#0"}
			}
		},
		{
			"from": [9.9, 9.025, 4.95],
			"to": [13.9, 9.025, 9.725],
			"rotation": {"angle": 45, "axis": "x", "origin": [10.9, 7.025, 6.35]},
			"faces": {
				"north": {"uv": [0, 0, 4, 0], "texture": "#0"},
				"east": {"uv": [0, 0, 5, 0], "texture": "#0"},
				"south": {"uv": [0, 0, 4, 0], "texture": "#0"},
				"west": {"uv": [0, 0, 5, 0], "texture": "#0"},
				"up": {"uv": [4, 10, 0, 5], "texture": "#0"},
				"down": {"uv": [8, 5, 4, 10], "texture": "#0"}
			}
		}
	],
	"display": {
		"thirdperson_righthand": {
			"rotation": [-4.01, 13.09, 34.11],
			"scale": [0.5, 0.5, 0.5]
		},
		"thirdperson_lefthand": {
			"scale": [0, 0, 0]
		},
		"firstperson_righthand": {
			"rotation": [20.12, -46.22, 26.92],
			"translation": [1.75, 0, -4]
		},
		"firstperson_lefthand": {
			"scale": [0, 0, 0]
		},
		"ground": {
			"scale": [0.6, 0.6, 0.6]
		},
		"gui": {
			"rotation": [27, -30, 0],
			"scale": [1.5, 1.5, 1.5]
		}
	}
}