{
	"credit": "Made with Blockbench",
	"texture_size": [32, 32],
	"textures": {
		"0": "block/pink_candy",
		"particle": "block/pink_candy"
	},
	"elements": [
		{
			"from": [8, -1.75, 9.5],
			"to": [9, 8.325, 10.5],
			"rotation": {"angle": -22.5, "axis": "x", "origin": [7, 0.25, 9.5]},
			"faces": {
				"north": {"uv": [5, 0, 5.5, 5], "texture": "#0"},
				"east": {"uv": [5, 5, 5.5, 10], "texture": "#0"},
				"south": {"uv": [5.5, 0, 6, 5], "texture": "#0"},
				"west": {"uv": [5.5, 5, 6, 10], "texture": "#0"},
				"up": {"uv": [0.5, 6.5, 0, 6], "texture": "#0"},
				"down": {"uv": [6.5, 0, 6, 0.5], "texture": "#0"}
			}
		},
		{
			"from": [7.5, 8, 5.5],
			"to": [9.5, 14, 11.5],
			"rotation": {"angle": -22.5, "axis": "x", "origin": [7, 4, 8]},
			"faces": {
				"north": {"uv": [3, 0, 4, 3], "texture": "#0"},
				"east": {"uv": [0, 0, 3, 3], "texture": "#0"},
				"south": {"uv": [3, 3, 4, 6], "texture": "#0"},
				"west": {"uv": [0, 3, 3, 6], "texture": "#0"},
				"up": {"uv": [5, 3, 4, 0], "texture": "#0"},
				"down": {"uv": [5, 3, 4, 6], "texture": "#0"}
			}
		}
	],
	"display": {}
}