{
	"credit": "Made with Blockbench",
	"texture_size": [32, 32],
	"textures": {
		"0": "block/blueslime",
		"particle": "block/blueslime"
	},
	"elements": [
		{
			"from": [4, 0, 6],
			"to": [12, 3, 14],
			"rotation": {"angle": 0, "axis": "y", "origin": [4, 0, 6]},
			"faces": {
				"north": {"uv": [4, 7, 8, 8.5], "texture": "#0"},
				"east": {"uv": [7.5, 0, 11.5, 1.5], "texture": "#0"},
				"south": {"uv": [7.5, 1.5, 11.5, 3], "texture": "#0"},
				"west": {"uv": [7.5, 3, 11.5, 4.5], "texture": "#0"},
				"up": {"uv": [4, 4, 0, 0], "texture": "#0"},
				"down": {"uv": [4, 4, 0, 8], "texture": "#0"}
			}
		},
		{
			"from": [4.5, 3, 6.5],
			"to": [11.5, 4, 13.5],
			"rotation": {"angle": 0, "axis": "y", "origin": [4, 1, 6]},
			"faces": {
				"north": {"uv": [7.5, 4.5, 11, 5], "texture": "#0"},
				"east": {"uv": [7.5, 5, 11, 5.5], "texture": "#0"},
				"south": {"uv": [7.5, 5.5, 11, 6], "texture": "#0"},
				"west": {"uv": [7.5, 6, 11, 6.5], "texture": "#0"},
				"up": {"uv": [7.5, 3.5, 4, 0], "texture": "#0"},
				"down": {"uv": [7.5, 3.5, 4, 7], "texture": "#0"}
			}
		}
	],
	"display": {}
}