{
	"credit": "Made with Blockbench",
	"textures": {
		"0": "block/oak_planks",
		"1": "block/white_wool",
		"particle": "block/oak_planks"
	},
	"elements": [
		{
			"from": [2, 0, 3],
			"to": [4, 8, 5],
			"rotation": {"angle": 0, "axis": "y", "origin": [2, -2, -2]},
			"faces": {
				"north": {"uv": [0, 0, 2, 8], "texture": "#0"},
				"east": {"uv": [0, 0, 2, 8], "texture": "#0"},
				"south": {"uv": [0, 0, 2, 8], "texture": "#0"},
				"west": {"uv": [0, 0, 2, 8], "texture": "#0"},
				"up": {"uv": [0, 0, 2, 2], "texture": "#0"},
				"down": {"uv": [0, 0, 2, 2], "texture": "#0"}
			}
		},
		{
			"from": [2, 0, 12],
			"to": [4, 8, 14],
			"rotation": {"angle": 0, "axis": "y", "origin": [2, -2, -2]},
			"faces": {
				"north": {"uv": [0, 0, 2, 8], "texture": "#0"},
				"east": {"uv": [0, 0, 2, 8], "texture": "#0"},
				"south": {"uv": [0, 0, 2, 8], "texture": "#0"},
				"west": {"uv": [0, 0, 2, 8], "texture": "#0"},
				"up": {"uv": [0, 0, 2, 2], "texture": "#0"},
				"down": {"uv": [0, 0, 2, 2], "texture": "#0"}
			}
		},
		{
			"from": [2, 8, 13],
			"to": [3, 20, 14],
			"rotation": {"angle": 0, "axis": "y", "origin": [2, -2, -2]},
			"faces": {
				"north": {"uv": [0, 0, 1, 12], "texture": "#0"},
				"east": {"uv": [0, 0, 1, 12], "texture": "#0"},
				"south": {"uv": [0, 0, 1, 12], "texture": "#0"},
				"west": {"uv": [0, 0, 1, 12], "texture": "#0"},
				"up": {"uv": [0, 0, 1, 1], "texture": "#0"},
				"down": {"uv": [0, 0, 1, 1], "texture": "#0"}
			}
		},
		{
			"from": [13, 8, 13],
			"to": [14, 20, 14],
			"rotation": {"angle": 0, "axis": "y", "origin": [2, -2, -2]},
			"faces": {
				"north": {"uv": [0, 0, 1, 12], "texture": "#0"},
				"east": {"uv": [0, 0, 1, 12], "texture": "#0"},
				"south": {"uv": [0, 0, 1, 12], "texture": "#0"},
				"west": {"uv": [0, 0, 1, 12], "texture": "#0"},
				"up": {"uv": [0, 0, 1, 1], "texture": "#0"},
				"down": {"uv": [0, 0, 1, 1], "texture": "#0"}
			}
		},
		{
			"from": [9, 18, 13],
			"to": [13, 20, 14],
			"rotation": {"angle": 0, "axis": "y", "origin": [2, -2, -2]},
			"faces": {
				"north": {"uv": [0, 0, 4, 2], "texture": "#0"},
				"east": {"uv": [0, 0, 1, 2], "texture": "#0"},
				"south": {"uv": [0, 0, 4, 2], "texture": "#0"},
				"west": {"uv": [0, 0, 1, 2], "texture": "#0"},
				"up": {"uv": [0, 0, 4, 1], "texture": "#0"},
				"down": {"uv": [0, 0, 4, 1], "texture": "#0"}
			}
		},
		{
			"from": [3, 18, 13],
			"to": [7, 20, 14],
			"rotation": {"angle": 0, "axis": "y", "origin": [2, -2, -2]},
			"faces": {
				"north": {"uv": [0, 0, 4, 2], "texture": "#0"},
				"east": {"uv": [0, 0, 1, 2], "texture": "#0"},
				"south": {"uv": [0, 0, 4, 2], "texture": "#0"},
				"west": {"uv": [0, 0, 1, 2], "texture": "#0"},
				"up": {"uv": [0, 0, 4, 1], "texture": "#0"},
				"down": {"uv": [0, 0, 4, 1], "texture": "#0"}
			}
		},
		{
			"from": [7, 8, 13],
			"to": [9, 20, 14],
			"rotation": {"angle": 0, "axis": "y", "origin": [2, -2, -2]},
			"faces": {
				"north": {"uv": [0, 0, 2, 12], "texture": "#0"},
				"east": {"uv": [0, 0, 1, 12], "texture": "#0"},
				"south": {"uv": [0, 0, 2, 12], "texture": "#0"},
				"west": {"uv": [0, 0, 1, 12], "texture": "#0"},
				"up": {"uv": [0, 0, 2, 1], "texture": "#0"},
				"down": {"uv": [0, 0, 2, 1], "texture": "#0"}
			}
		},
		{
			"from": [12, 0, 3],
			"to": [14, 8, 5],
			"rotation": {"angle": 0, "axis": "y", "origin": [2, -2, -2]},
			"faces": {
				"north": {"uv": [0, 0, 2, 8], "texture": "#0"},
				"east": {"uv": [0, 0, 2, 8], "texture": "#0"},
				"south": {"uv": [0, 0, 2, 8], "texture": "#0"},
				"west": {"uv": [0, 0, 2, 8], "texture": "#0"},
				"up": {"uv": [0, 0, 2, 2], "texture": "#0"},
				"down": {"uv": [0, 0, 2, 2], "texture": "#0"}
			}
		},
		{
			"from": [12, 0, 12],
			"to": [14, 8, 14],
			"rotation": {"angle": 0, "axis": "y", "origin": [2, -2, -2]},
			"faces": {
				"north": {"uv": [0, 0, 2, 8], "texture": "#0"},
				"east": {"uv": [0, 0, 2, 8], "texture": "#0"},
				"south": {"uv": [0, 0, 2, 8], "texture": "#0"},
				"west": {"uv": [0, 0, 2, 8], "texture": "#0"},
				"up": {"uv": [0, 0, 2, 2], "texture": "#0"},
				"down": {"uv": [0, 0, 2, 2], "texture": "#0"}
			}
		},
		{
			"from": [2, 7, 5],
			"to": [14, 8, 12],
			"rotation": {"angle": 0, "axis": "y", "origin": [2, -2, -2]},
			"faces": {
				"north": {"uv": [0, 0, 12, 1], "texture": "#0"},
				"east": {"uv": [0, 0, 7, 1], "texture": "#0"},
				"south": {"uv": [0, 0, 12, 1], "texture": "#0"},
				"west": {"uv": [0, 0, 7, 1], "texture": "#0"},
				"up": {"uv": [0, 0, 12, 7], "texture": "#0"},
				"down": {"uv": [0, 0, 12, 7], "texture": "#0"}
			}
		},
		{
			"from": [3, 7.5, 4],
			"to": [13, 9, 13],
			"rotation": {"angle": 0, "axis": "y", "origin": [2, -2, -2]},
			"faces": {
				"north": {"uv": [0, 0, 10, 1.5], "texture": "#1"},
				"east": {"uv": [0, 0, 9, 1.5], "texture": "#1"},
				"south": {"uv": [0, 0, 10, 1.5], "texture": "#1"},
				"west": {"uv": [0, 0, 9, 1.5], "texture": "#1"},
				"up": {"uv": [0, 0, 10, 9], "texture": "#1"},
				"down": {"uv": [0, 0, 10, 9], "texture": "#1"}
			}
		},
		{
			"from": [4, 7, 3],
			"to": [12, 8, 5],
			"rotation": {"angle": 0, "axis": "y", "origin": [2, -2, -2]},
			"faces": {
				"north": {"uv": [0, 0, 8, 1], "texture": "#0"},
				"east": {"uv": [0, 0, 2, 1], "texture": "#0"},
				"south": {"uv": [0, 0, 8, 1], "texture": "#0"},
				"west": {"uv": [0, 0, 2, 1], "texture": "#0"},
				"up": {"uv": [0, 0, 8, 2], "texture": "#0"},
				"down": {"uv": [0, 0, 8, 2], "texture": "#0"}
			}
		},
		{
			"from": [4, 7, 12],
			"to": [12, 8, 14],
			"rotation": {"angle": 0, "axis": "y", "origin": [2, -2, -2]},
			"faces": {
				"north": {"uv": [0, 0, 8, 1], "texture": "#0"},
				"east": {"uv": [0, 0, 2, 1], "texture": "#0"},
				"south": {"uv": [0, 0, 8, 1], "texture": "#0"},
				"west": {"uv": [0, 0, 2, 1], "texture": "#0"},
				"up": {"uv": [0, 0, 8, 2], "texture": "#0"},
				"down": {"uv": [0, 0, 8, 2], "texture": "#0"}
			}
		}
	],
	"display": {
		"thirdperson_righthand": {
			"scale": [0, 0, 0]
		},
		"thirdperson_lefthand": {
			"scale": [0, 0, 0]
		},
		"firstperson_righthand": {
			"scale": [0, 0, 0]
		},
		"firstperson_lefthand": {
			"scale": [0, 0, 0]
		},
		"ground": {
			"scale": [0, 0, 0]
		},
		"gui": {
			"rotation": [15, 134, 0],
			"translation": [0, -1.25, 0],
			"scale": [0.72, 0.78, 0.76]
		},
		"head": {
			"translation": [0, 8.75, 0],
			"scale": [1.29, 1.4, 1.25]
		}
	}
}