{
	"credit": "Made with Blockbench",
	"texture_size": [32, 32],
	"textures": {
		"0": "block/bird",
		"particle": "block/bird"
	},
	"elements": [
		{
			"from": [4, 1.975, 7],
			"to": [8.525, 3.5, 10],
			"rotation": {"angle": 0, "axis": "y", "origin": [7, 2, 7]},
			"faces": {
				"north": {"uv": [2.5, 0, 5, 1], "texture": "#0"},
				"east": {"uv": [2.5, 2, 4, 3], "texture": "#0"},
				"south": {"uv": [2.5, 1, 5, 2], "texture": "#0"},
				"west": {"uv": [0, 3, 1.5, 4], "texture": "#0"},
				"up": {"uv": [2.5, 1.5, 0, 0], "texture": "#0"},
				"down": {"uv": [2.5, 1.5, 0, 3], "texture": "#0"}
			}
		},
		{
			"from": [8.525, 1.975, 7.25],
			"to": [10.525, 3.35, 9.725],
			"rotation": {"angle": 0, "axis": "y", "origin": [9, 2, 7]},
			"faces": {
				"north": {"uv": [4, 5.5, 5, 6], "texture": "#0"},
				"east": {"uv": [6.5, 3, 7.5, 3.5], "texture": "#0"},
				"south": {"uv": [6.5, 3.5, 7.5, 4], "texture": "#0"},
				"west": {"uv": [4, 6.5, 5, 7], "texture": "#0"},
				"up": {"uv": [6, 5, 5, 4], "texture": "#0"},
				"down": {"uv": [6, 5, 5, 6], "texture": "#0"}
			}
		},
		{
			"from": [5, 2.55, 10],
			"to": [10.475, 2.725, 11.1],
			"rotation": {"angle": 0, "axis": "y", "origin": [6.675, 3.125, 7.35]},
			"faces": {
				"north": {"uv": [1.5, 3, 4, 3.5], "texture": "#0"},
				"east": {"uv": [7, 7, 7.5, 7.5], "texture": "#0"},
				"south": {"uv": [1.5, 3.5, 4, 4], "texture": "#0"},
				"west": {"uv": [0, 7.5, 0.5, 8], "texture": "#0"},
				"up": {"uv": [2.5, 4.5, 0, 4], "texture": "#0"},
				"down": {"uv": [6.5, 2, 4, 2.5], "texture": "#0"}
			}
		},
		{
			"from": [5, 2.55, 6],
			"to": [10.475, 2.725, 7.1],
			"rotation": {"angle": 0, "axis": "y", "origin": [6.675, 3.125, 3.35]},
			"faces": {
				"north": {"uv": [2.5, 4, 5, 4.5], "texture": "#0"},
				"east": {"uv": [7.5, 0, 8, 0.5], "texture": "#0"},
				"south": {"uv": [4, 2.5, 6.5, 3], "texture": "#0"},
				"west": {"uv": [0.5, 7.5, 1, 8], "texture": "#0"},
				"up": {"uv": [6.5, 3.5, 4, 3], "texture": "#0"},
				"down": {"uv": [6.5, 3.5, 4, 4], "texture": "#0"}
			}
		},
		{
			"from": [5.1, 2.425, 11.075],
			"to": [9.7, 2.6, 12.175],
			"rotation": {"angle": 0, "axis": "y", "origin": [5.9, 3, 8.425]},
			"faces": {
				"north": {"uv": [0, 4.5, 2.5, 5], "texture": "#0"},
				"east": {"uv": [7.5, 0.5, 8, 1], "texture": "#0"},
				"south": {"uv": [2.5, 4.5, 5, 5], "texture": "#0"},
				"west": {"uv": [1, 7.5, 1.5, 8], "texture": "#0"},
				"up": {"uv": [2.5, 5.5, 0, 5], "texture": "#0"},
				"down": {"uv": [7.5, 0, 5, 0.5], "texture": "#0"}
			}
		},
		{
			"from": [5.1, 2.425, 5.075],
			"to": [9.7, 2.6, 6.175],
			"rotation": {"angle": 0, "axis": "y", "origin": [5.9, 3, 2.425]},
			"faces": {
				"north": {"uv": [5, 0.5, 7.5, 1], "texture": "#0"},
				"east": {"uv": [7.5, 1, 8, 1.5], "texture": "#0"},
				"south": {"uv": [5, 1, 7.5, 1.5], "texture": "#0"},
				"west": {"uv": [1.5, 7.5, 2, 8], "texture": "#0"},
				"up": {"uv": [7.5, 2, 5, 1.5], "texture": "#0"},
				"down": {"uv": [5, 5, 2.5, 5.5], "texture": "#0"}
			}
		},
		{
			"from": [5.25, 2.35, 12.175],
			"to": [9.025, 2.525, 13.275],
			"rotation": {"angle": 0, "axis": "y", "origin": [5.775, 2.925, 9.525]},
			"faces": {
				"north": {"uv": [0, 5.5, 2, 6], "texture": "#0"},
				"east": {"uv": [7.5, 1.5, 8, 2], "texture": "#0"},
				"south": {"uv": [2, 5.5, 4, 6], "texture": "#0"},
				"west": {"uv": [2, 7.5, 2.5, 8], "texture": "#0"},
				"up": {"uv": [2, 6.5, 0, 6], "texture": "#0"},
				"down": {"uv": [4, 6, 2, 6.5], "texture": "#0"}
			}
		},
		{
			"from": [5.25, 2.35, 4.175],
			"to": [9.025, 2.525, 5.275],
			"rotation": {"angle": 0, "axis": "y", "origin": [5.775, 2.925, 1.525]},
			"faces": {
				"north": {"uv": [4, 6, 6, 6.5], "texture": "#0"},
				"east": {"uv": [7.5, 2, 8, 2.5], "texture": "#0"},
				"south": {"uv": [6, 4, 8, 4.5], "texture": "#0"},
				"west": {"uv": [2.5, 7.5, 3, 8], "texture": "#0"},
				"up": {"uv": [8, 5, 6, 4.5], "texture": "#0"},
				"down": {"uv": [8, 5, 6, 5.5], "texture": "#0"}
			}
		},
		{
			"from": [2.35, 1.675, 7.55],
			"to": [4.025, 3.375, 9.45],
			"rotation": {"angle": 0, "axis": "y", "origin": [6.35, 2, 7]},
			"faces": {
				"north": {"uv": [6, 5.5, 7, 6.5], "texture": "#0"},
				"east": {"uv": [0, 6.5, 1, 7.5], "texture": "#0"},
				"south": {"uv": [1, 6.5, 2, 7.5], "texture": "#0"},
				"west": {"uv": [2, 6.5, 3, 7.5], "texture": "#0"},
				"up": {"uv": [7.5, 3, 6.5, 2], "texture": "#0"},
				"down": {"uv": [4, 6.5, 3, 7.5], "texture": "#0"}
			}
		},
		{
			"from": [1.85, 1.875, 7.8],
			"to": [2.35, 2.275, 9.225],
			"rotation": {"angle": 0, "axis": "y", "origin": [5.85, 2.2, 7]},
			"faces": {
				"north": {"uv": [7.5, 2.5, 8, 3], "texture": "#0"},
				"east": {"uv": [3, 7.5, 3.5, 8], "texture": "#0"},
				"south": {"uv": [7.5, 3, 8, 3.5], "texture": "#0"},
				"west": {"uv": [3.5, 7.5, 4, 8], "texture": "#0"},
				"up": {"uv": [8, 4, 7.5, 3.5], "texture": "#0"},
				"down": {"uv": [4.5, 7.5, 4, 8], "texture": "#0"}
			}
		},
		{
			"from": [1.55, 1.95, 7.8],
			"to": [1.85, 2.2, 9.225],
			"rotation": {"angle": 0, "axis": "y", "origin": [5.55, 2.2, 7]},
			"faces": {
				"north": {"uv": [4.5, 7.5, 5, 8], "texture": "#0"},
				"east": {"uv": [5, 7.5, 5.5, 8], "texture": "#0"},
				"south": {"uv": [5.5, 7.5, 6, 8], "texture": "#0"},
				"west": {"uv": [6, 7.5, 6.5, 8], "texture": "#0"},
				"up": {"uv": [7, 8, 6.5, 7.5], "texture": "#0"},
				"down": {"uv": [7.5, 7.5, 7, 8], "texture": "#0"}
			}
		},
		{
			"from": [6.5, 1.5, 7.25],
			"to": [8.25, 2, 7.5],
			"rotation": {"angle": 0, "axis": "y", "origin": [6, 0, 7.25]},
			"faces": {
				"north": {"uv": [5, 6.5, 6, 7], "texture": "#0"},
				"east": {"uv": [7.5, 7, 8, 7.5], "texture": "#0"},
				"south": {"uv": [6, 6.5, 7, 7], "texture": "#0"},
				"west": {"uv": [7.5, 7.5, 8, 8], "texture": "#0"},
				"up": {"uv": [5, 7.5, 4, 7], "texture": "#0"},
				"down": {"uv": [6, 7, 5, 7.5], "texture": "#0"}
			}
		},
		{
			"from": [6.5, 1.5, 9.5],
			"to": [8.25, 2, 9.75],
			"rotation": {"angle": 0, "axis": "y", "origin": [6, 0, 9.5]},
			"faces": {
				"north": {"uv": [7, 5.5, 8, 6], "texture": "#0"},
				"east": {"uv": [0, 8, 0.5, 8.5], "texture": "#0"},
				"south": {"uv": [6, 7, 7, 7.5], "texture": "#0"},
				"west": {"uv": [8, 0, 8.5, 0.5], "texture": "#0"},
				"up": {"uv": [8, 6.5, 7, 6], "texture": "#0"},
				"down": {"uv": [8, 6.5, 7, 7], "texture": "#0"}
			}
		}
	],
	"display": {}
}