{
	"credit": "Made with Blockbench",
	"texture_size": [32, 32],
	"textures": {
		"0": "block/energy",
		"particle": "block/energy"
	},
	"elements": [
		{
			"from": [6, 0, 6],
			"to": [10, 9, 10],
			"rotation": {"angle": 0, "axis": "y", "origin": [7, 0, 7]},
			"faces": {
				"north": {"uv": [0, 0, 2, 4.5], "texture": "#0"},
				"east": {"uv": [2, 0, 4, 4.5], "texture": "#0"},
				"south": {"uv": [4, 0, 6, 4.5], "texture": "#0"},
				"west": {"uv": [0, 4.5, 2, 9], "texture": "#0"},
				"up": {"uv": [4, 6.5, 2, 4.5], "texture": "#0"},
				"down": {"uv": [6, 4.5, 4, 6.5], "texture": "#0"}
			}
		},
		{
			"from": [9.55, 9, 6],
			"to": [10, 9.175, 10],
			"rotation": {"angle": 0, "axis": "y", "origin": [7, 0.35, 7]},
			"faces": {
				"north": {"uv": [5, 6.5, 5.5, 7], "texture": "#0"},
				"east": {"uv": [6, 0, 8, 0.5], "texture": "#0"},
				"south": {"uv": [5.5, 6.5, 6, 7], "texture": "#0"},
				"west": {"uv": [6, 0.5, 8, 1], "texture": "#0"},
				"up": {"uv": [6.5, 3, 6, 1], "texture": "#0"},
				"down": {"uv": [6.5, 3, 6, 5], "texture": "#0"}
			}
		},
		{
			"from": [6, 9, 6],
			"to": [6.45, 9.175, 10],
			"rotation": {"angle": 0, "axis": "y", "origin": [3.45, 0.35, 7]},
			"faces": {
				"north": {"uv": [7, 1, 7.5, 1.5], "texture": "#0"},
				"east": {"uv": [6, 5, 8, 5.5], "texture": "#0"},
				"south": {"uv": [7, 1.5, 7.5, 2], "texture": "#0"},
				"west": {"uv": [6, 5.5, 8, 6], "texture": "#0"},
				"up": {"uv": [6.5, 8, 6, 6], "texture": "#0"},
				"down": {"uv": [7, 1, 6.5, 3], "texture": "#0"}
			}
		},
		{
			"from": [6.45, 9, 6],
			"to": [9.575, 9.175, 6.4],
			"rotation": {"angle": 0, "axis": "y", "origin": [3.9, 0.35, 7]},
			"faces": {
				"north": {"uv": [2, 6.5, 3.5, 7], "texture": "#0"},
				"east": {"uv": [2, 7, 2.5, 7.5], "texture": "#0"},
				"south": {"uv": [6.5, 3, 8, 3.5], "texture": "#0"},
				"west": {"uv": [7, 2, 7.5, 2.5], "texture": "#0"},
				"up": {"uv": [5, 7, 3.5, 6.5], "texture": "#0"},
				"down": {"uv": [8, 3.5, 6.5, 4], "texture": "#0"}
			}
		},
		{
			"from": [6.45, 9, 9.6],
			"to": [9.575, 9.175, 10],
			"rotation": {"angle": 0, "axis": "y", "origin": [3.9, 0.35, 10.6]},
			"faces": {
				"north": {"uv": [6.5, 4, 8, 4.5], "texture": "#0"},
				"east": {"uv": [2.5, 7, 3, 7.5], "texture": "#0"},
				"south": {"uv": [6.5, 4.5, 8, 5], "texture": "#0"},
				"west": {"uv": [7, 2.5, 7.5, 3], "texture": "#0"},
				"up": {"uv": [8, 6.5, 6.5, 6], "texture": "#0"},
				"down": {"uv": [8, 6.5, 6.5, 7], "texture": "#0"}
			}
		}
	],
	"display": {
		"thirdperson_righthand": {
			"rotation": [0, 24, 0],
			"translation": [0, 1.5, 0],
			"scale": [0.68, 0.64, 0.63]
		},
		"thirdperson_lefthand": {
			"rotation": [111, 0, 0],
			"translation": [-5.5, 3.5, 10.5],
			"scale": [0.68, 0.64, 0.63]
		},
		"firstperson_righthand": {
			"rotation": [4, 12, 0],
			"translation": [3, 1.75, -2.25],
			"scale": [1, 0.9, 0.87]
		},
		"firstperson_lefthand": {
			"rotation": [51, 90, 0],
			"translation": [-9.25, 4.75, 6.75],
			"scale": [1, 0.93, 0.89]
		},
		"ground": {
			"translation": [0, 1.5, 0],
			"scale": [0.75, 0.69, 0.65]
		},
		"gui": {
			"rotation": [39, -47, 0],
			"translation": [0, 4, 0],
			"scale": [1.43, 1.36, 1.34]
		}
	}
}