{
	"credit": "Made with Blockbench",
	"textures": {
		"0": "block/cherry_log",
		"1": "block/red_wool",
		"particle": "block/red_wool"
	},
	"elements": [
		{
			"from": [6, 0, 3],
			"to": [8, 2, 5],
			"rotation": {"angle": 0, "axis": "y", "origin": [6, 0, 3]},
			"faces": {
				"north": {"uv": [0, 0, 2, 2], "texture": "#1"},
				"east": {"uv": [0, 0, 2, 2], "texture": "#1"},
				"south": {"uv": [0, 0, 2, 2], "texture": "#1"},
				"west": {"uv": [0, 0, 2, 2], "texture": "#1"},
				"up": {"uv": [0, 0, 2, 2], "texture": "#1"},
				"down": {"uv": [0, 0, 2, 2], "texture": "#1"}
			}
		},
		{
			"from": [6.65, 4.975, 5.1],
			"to": [7.15, 5.85, 5.525],
			"rotation": {"angle": 45, "axis": "x", "origin": [6.275, 4.975, 4.35]},
			"faces": {
				"north": {"uv": [0, 0, 0.5, 0.875], "texture": "#0"},
				"east": {"uv": [0, 0, 0.425, 0.875], "texture": "#0"},
				"south": {"uv": [0, 0, 0.5, 0.875], "texture": "#0"},
				"west": {"uv": [0, 0, 0.425, 0.875], "texture": "#0"},
				"up": {"uv": [0, 0, 0.5, 0.425], "texture": "#0"},
				"down": {"uv": [0, 0, 0.5, 0.425], "texture": "#0"}
			}
		},
		{
			"from": [6.65, 2, 4.225],
			"to": [7.15, 2.875, 4.65],
			"rotation": {"angle": 0, "axis": "y", "origin": [6.275, 2, 3.475]},
			"faces": {
				"north": {"uv": [0, 0, 0.5, 0.875], "texture": "#0"},
				"east": {"uv": [0, 0, 0.425, 0.875], "texture": "#0"},
				"south": {"uv": [0, 0, 0.5, 0.875], "texture": "#0"},
				"west": {"uv": [0, 0, 0.425, 0.875], "texture": "#0"},
				"up": {"uv": [0, 0, 0.5, 0.425], "texture": "#0"},
				"down": {"uv": [0, 0, 0.5, 0.425], "texture": "#0"}
			}
		},
		{
			"from": [6.65, 4.775, 5.5],
			"to": [7.15, 6.15, 5.925],
			"rotation": {"angle": 0, "axis": "y", "origin": [6.275, 4.775, 4.75]},
			"faces": {
				"north": {"uv": [0, 0, 0.5, 1.375], "texture": "#0"},
				"east": {"uv": [0, 0, 0.425, 1.375], "texture": "#0"},
				"south": {"uv": [0, 0, 0.5, 1.375], "texture": "#0"},
				"west": {"uv": [0, 0, 0.425, 1.375], "texture": "#0"},
				"up": {"uv": [0, 0, 0.5, 0.425], "texture": "#0"},
				"down": {"uv": [0, 0, 0.5, 0.425], "texture": "#0"}
			}
		},
		{
			"from": [6.65, 3.2, 4.325],
			"to": [7.15, 4.875, 4.75],
			"rotation": {"angle": 22.5, "axis": "x", "origin": [6.275, 3.2, 3.575]},
			"faces": {
				"north": {"uv": [0, 0, 0.5, 1.675], "texture": "#0"},
				"east": {"uv": [0, 0, 0.425, 1.675], "texture": "#0"},
				"south": {"uv": [0, 0, 0.5, 1.675], "texture": "#0"},
				"west": {"uv": [0, 0, 0.425, 1.675], "texture": "#0"},
				"up": {"uv": [0, 0, 0.5, 0.425], "texture": "#0"},
				"down": {"uv": [0, 0, 0.5, 0.425], "texture": "#0"}
			}
		},
		{
			"from": [6.65, 2.45, 7.825],
			"to": [7.15, 4.125, 8.25],
			"rotation": {"angle": -22.5, "axis": "x", "origin": [6.275, 2.45, 7.075]},
			"faces": {
				"north": {"uv": [0, 0, 0.5, 1.675], "texture": "#0"},
				"east": {"uv": [0, 0, 0.425, 1.675], "texture": "#0"},
				"south": {"uv": [0, 0, 0.5, 1.675], "texture": "#0"},
				"west": {"uv": [0, 0, 0.425, 1.675], "texture": "#0"},
				"up": {"uv": [0, 0, 0.5, 0.425], "texture": "#0"},
				"down": {"uv": [0, 0, 0.5, 0.425], "texture": "#0"}
			}
		},
		{
			"from": [6.65, 3.525, 7.525],
			"to": [7.15, 6.025, 7.95],
			"rotation": {"angle": -45, "axis": "x", "origin": [6.275, 3.525, 6.775]},
			"faces": {
				"north": {"uv": [0, 0, 0.5, 2.5], "texture": "#0"},
				"east": {"uv": [0, 0, 0.425, 2.5], "texture": "#0"},
				"south": {"uv": [0, 0, 0.5, 2.5], "texture": "#0"},
				"west": {"uv": [0, 0, 0.425, 2.5], "texture": "#0"},
				"up": {"uv": [0, 0, 0.5, 0.425], "texture": "#0"},
				"down": {"uv": [0, 0, 0.5, 0.425], "texture": "#0"}
			}
		},
		{
			"from": [6.65, 2, 7.725],
			"to": [7.15, 2.875, 8.15],
			"rotation": {"angle": 0, "axis": "y", "origin": [6.275, 2, 6.975]},
			"faces": {
				"north": {"uv": [0, 0, 0.5, 0.875], "texture": "#0"},
				"east": {"uv": [0, 0, 0.425, 0.875], "texture": "#0"},
				"south": {"uv": [0, 0, 0.5, 0.875], "texture": "#0"},
				"west": {"uv": [0, 0, 0.425, 0.875], "texture": "#0"},
				"up": {"uv": [0, 0, 0.5, 0.425], "texture": "#0"},
				"down": {"uv": [0, 0, 0.5, 0.425], "texture": "#0"}
			}
		},
		{
			"from": [6, 0, 7],
			"to": [8, 2, 9],
			"rotation": {"angle": 0, "axis": "y", "origin": [6, 0, 7]},
			"faces": {
				"north": {"uv": [0, 0, 2, 2], "texture": "#1"},
				"east": {"uv": [0, 0, 2, 2], "texture": "#1"},
				"south": {"uv": [0, 0, 2, 2], "texture": "#1"},
				"west": {"uv": [0, 0, 2, 2], "texture": "#1"},
				"up": {"uv": [0, 0, 2, 2], "texture": "#1"},
				"down": {"uv": [0, 0, 2, 2], "texture": "#1"}
			}
		}
	]
}