{
	"credit": "Made with Blockbench",
	"textures": {
		"0": "block/radiation",
		"1": "block/lime_stained_glass",
		"particle": "block/radiation"
	},
	"elements": [
		{
			"from": [8, 0, 8],
			"to": [16, 14, 16],
			"rotation": {"angle": 0, "axis": "y", "origin": [7, 0, 7]},
			"faces": {
				"north": {"uv": [0, 4, 2, 7.5], "texture": "#0"},
				"east": {"uv": [4, 0, 6, 3.5], "texture": "#0"},
				"south": {"uv": [2, 4, 4, 7.5], "texture": "#0"},
				"west": {"uv": [4, 3.5, 6, 7], "texture": "#0"},
				"up": {"uv": [8, 2, 6, 0], "texture": "#0"},
				"down": {"uv": [8, 2, 6, 4], "texture": "#0"}
			}
		},
		{
			"from": [8, 14, 8],
			"to": [16, 14.25, 9],
			"rotation": {"angle": 0, "axis": "y", "origin": [7, 1, 7]},
			"faces": {
				"north": {"uv": [8, 2.75, 10, 3], "texture": "#0"},
				"east": {"uv": [5.5, 7, 5.75, 7.25], "texture": "#0"},
				"south": {"uv": [8, 3, 10, 3.25], "texture": "#0"},
				"west": {"uv": [5.75, 7, 6, 7.25], "texture": "#0"},
				"up": {"uv": [10, 3.5, 8, 3.25], "texture": "#0"},
				"down": {"uv": [10, 3.5, 8, 3.75], "texture": "#0"}
			}
		},
		{
			"from": [8, 14, 15],
			"to": [16, 14.25, 16],
			"rotation": {"angle": 0, "axis": "y", "origin": [7, 1, 14]},
			"faces": {
				"north": {"uv": [8, 3.75, 10, 4], "texture": "#0"},
				"east": {"uv": [5.5, 7.25, 5.75, 7.5], "texture": "#0"},
				"south": {"uv": [8, 4, 10, 4.25], "texture": "#0"},
				"west": {"uv": [5.75, 7.25, 6, 7.5], "texture": "#0"},
				"up": {"uv": [10, 4.5, 8, 4.25], "texture": "#0"},
				"down": {"uv": [10, 4.5, 8, 4.75], "texture": "#0"}
			}
		},
		{
			"from": [8, 14, 9],
			"to": [9, 14.25, 15],
			"rotation": {"angle": 0, "axis": "y", "origin": [7, 1, 8]},
			"faces": {
				"north": {"uv": [5.5, 7.5, 5.75, 7.75], "texture": "#0"},
				"east": {"uv": [8, 6, 9.5, 6.25], "texture": "#0"},
				"south": {"uv": [5.75, 7.5, 6, 7.75], "texture": "#0"},
				"west": {"uv": [8, 6.25, 9.5, 6.5], "texture": "#0"},
				"up": {"uv": [4, 9, 3.75, 7.5], "texture": "#0"},
				"down": {"uv": [8.25, 6.5, 8, 8], "texture": "#0"}
			}
		},
		{
			"from": [15, 14, 9],
			"to": [16, 14.25, 15],
			"rotation": {"angle": 0, "axis": "y", "origin": [14, 1, 8]},
			"faces": {
				"north": {"uv": [5.5, 7.75, 5.75, 8], "texture": "#0"},
				"east": {"uv": [7.5, 8, 9, 8.25], "texture": "#0"},
				"south": {"uv": [5.75, 7.75, 6, 8], "texture": "#0"},
				"west": {"uv": [1.5, 8.25, 3, 8.5], "texture": "#0"},
				"up": {"uv": [3.25, 9.75, 3, 8.25], "texture": "#0"},
				"down": {"uv": [3.5, 8.25, 3.25, 9.75], "texture": "#0"}
			}
		},
		{
			"from": [0, 0, 0],
			"to": [16, 0.275, 8],
			"faces": {
				"north": {"uv": [8, 0, 12, 0.25], "texture": "#0"},
				"east": {"uv": [8, 4.75, 10, 5], "texture": "#0"},
				"south": {"uv": [8, 0.25, 12, 0.5], "texture": "#0"},
				"west": {"uv": [8, 5, 10, 5.25], "texture": "#0"},
				"up": {"uv": [4, 2, 0, 0], "texture": "#0"},
				"down": {"uv": [4, 2, 0, 4], "texture": "#0"}
			}
		},
		{
			"from": [0, 0, 8],
			"to": [8, 0.275, 16],
			"rotation": {"angle": 0, "axis": "y", "origin": [0, 0, 8]},
			"faces": {
				"north": {"uv": [8, 5.25, 10, 5.5], "texture": "#0"},
				"east": {"uv": [5.5, 8, 7.5, 8.25], "texture": "#0"},
				"south": {"uv": [8, 5.5, 10, 5.75], "texture": "#0"},
				"west": {"uv": [8, 5.75, 10, 6], "texture": "#0"},
				"up": {"uv": [8, 6, 6, 4], "texture": "#0"},
				"down": {"uv": [8, 6, 6, 8], "texture": "#0"}
			}
		},
		{
			"from": [-3, 0, 5],
			"to": [0, 0.275, 16],
			"rotation": {"angle": 0, "axis": "y", "origin": [-8, 0, 8]},
			"faces": {
				"north": {"uv": [5.5, 8.25, 6.25, 8.5], "texture": "#0"},
				"east": {"uv": [8, 0.5, 10.75, 0.75], "texture": "#0"},
				"south": {"uv": [6.25, 8.25, 7, 8.5], "texture": "#0"},
				"west": {"uv": [8, 0.75, 10.75, 1], "texture": "#0"},
				"up": {"uv": [4.75, 9.75, 4, 7], "texture": "#0"},
				"down": {"uv": [5.5, 7, 4.75, 9.75], "texture": "#0"}
			}
		},
		{
			"from": [16, 0, 1],
			"to": [19, 0.275, 12],
			"rotation": {"angle": 0, "axis": "y", "origin": [11, 0, 4]},
			"faces": {
				"north": {"uv": [8.25, 6.5, 9, 6.75], "texture": "#0"},
				"east": {"uv": [8, 1, 10.75, 1.25], "texture": "#0"},
				"south": {"uv": [8.25, 6.75, 9, 7], "texture": "#0"},
				"west": {"uv": [8, 1.25, 10.75, 1.5], "texture": "#0"},
				"up": {"uv": [0.75, 10.25, 0, 7.5], "texture": "#0"},
				"down": {"uv": [1.5, 7.5, 0.75, 10.25], "texture": "#0"}
			}
		},
		{
			"from": [-3, 0, 16],
			"to": [6, 0.275, 17],
			"rotation": {"angle": 0, "axis": "y", "origin": [-8, 0, 19]},
			"faces": {
				"north": {"uv": [1.5, 7.5, 3.75, 7.75], "texture": "#0"},
				"east": {"uv": [3.5, 8.25, 3.75, 8.5], "texture": "#0"},
				"south": {"uv": [1.5, 7.75, 3.75, 8], "texture": "#0"},
				"west": {"uv": [7, 8.25, 7.25, 8.5], "texture": "#0"},
				"up": {"uv": [3.75, 8.25, 1.5, 8], "texture": "#0"},
				"down": {"uv": [10.25, 1.5, 8, 1.75], "texture": "#0"}
			}
		},
		{
			"from": [3, 0, -1],
			"to": [12, 0.275, 0],
			"rotation": {"angle": 0, "axis": "y", "origin": [-2, 0, 2]},
			"faces": {
				"north": {"uv": [8, 1.75, 10.25, 2], "texture": "#0"},
				"east": {"uv": [8.25, 7, 8.5, 7.25], "texture": "#0"},
				"south": {"uv": [8, 2, 10.25, 2.25], "texture": "#0"},
				"west": {"uv": [7.25, 8.25, 7.5, 8.5], "texture": "#0"},
				"up": {"uv": [10.25, 2.5, 8, 2.25], "texture": "#0"},
				"down": {"uv": [10.25, 2.5, 8, 2.75], "texture": "#0"}
			}
		},
		{
			"from": [1.8, 6, 5],
			"to": [2, 10, 5.15],
			"rotation": {"angle": 0, "axis": "y", "origin": [0, 6, 5]},
			"faces": {
				"north": {"uv": [0, 8, 1, 12], "texture": "#1"},
				"east": {"uv": [8, 0, 9, 4], "texture": "#1"},
				"south": {"uv": [1, 8, 2, 12], "texture": "#1"},
				"west": {"uv": [2, 8, 3, 12], "texture": "#1"},
				"up": {"uv": [10, 6, 9, 5], "texture": "#1"},
				"down": {"uv": [7, 9, 6, 10], "texture": "#1"}
			}
		},
		{
			"from": [2.85, 8.75, 11.8],
			"to": [3, 12.75, 12],
			"rotation": {"angle": 45, "axis": "y", "origin": [3, 8.75, 10]},
			"faces": {
				"north": {"uv": [6, 0, 7, 4], "texture": "#1"},
				"east": {"uv": [6, 4, 7, 8], "texture": "#1"},
				"south": {"uv": [7, 0, 8, 4], "texture": "#1"},
				"west": {"uv": [7, 4, 8, 8], "texture": "#1"},
				"up": {"uv": [10, 4, 9, 3], "texture": "#1"},
				"down": {"uv": [10, 4, 9, 5], "texture": "#1"}
			}
		},
		{
			"from": [-3.15, 12, 14.8],
			"to": [-3, 16, 15],
			"rotation": {"angle": 45, "axis": "y", "origin": [-3, 12, 13]},
			"faces": {
				"north": {"uv": [3, 8, 4, 12], "texture": "#1"},
				"east": {"uv": [4, 8, 5, 12], "texture": "#1"},
				"south": {"uv": [8, 4, 9, 8], "texture": "#1"},
				"west": {"uv": [5, 8, 6, 12], "texture": "#1"},
				"up": {"uv": [10, 7, 9, 6], "texture": "#1"},
				"down": {"uv": [8, 9, 7, 10], "texture": "#1"}
			}
		},
		{
			"from": [16.85, 11.75, 9.8],
			"to": [17, 15.75, 10],
			"rotation": {"angle": 45, "axis": "y", "origin": [17, 11.75, 8]},
			"faces": {
				"north": {"uv": [0, 0, 1, 4], "texture": "#1"},
				"east": {"uv": [1, 0, 2, 4], "texture": "#1"},
				"south": {"uv": [2, 0, 3, 4], "texture": "#1"},
				"west": {"uv": [3, 0, 4, 4], "texture": "#1"},
				"up": {"uv": [7, 9, 6, 8], "texture": "#1"},
				"down": {"uv": [8, 8, 7, 9], "texture": "#1"}
			}
		},
		{
			"from": [5.85, 15, 12.8],
			"to": [6, 19, 13],
			"rotation": {"angle": 45, "axis": "y", "origin": [6, 15, 11]},
			"faces": {
				"north": {"uv": [3, 4, 4, 8], "texture": "#1"},
				"east": {"uv": [4, 4, 5, 8], "texture": "#1"},
				"south": {"uv": [5, 0, 6, 4], "texture": "#1"},
				"west": {"uv": [5, 4, 6, 8], "texture": "#1"},
				"up": {"uv": [10, 2, 9, 1], "texture": "#1"},
				"down": {"uv": [10, 2, 9, 3], "texture": "#1"}
			}
		},
		{
			"from": [12.8, 2.75, 2],
			"to": [13, 6.75, 2.15],
			"rotation": {"angle": 0, "axis": "y", "origin": [11, 2.75, 2]},
			"faces": {
				"north": {"uv": [0, 4, 1, 8], "texture": "#1"},
				"east": {"uv": [4, 0, 5, 4], "texture": "#1"},
				"south": {"uv": [1, 4, 2, 8], "texture": "#1"},
				"west": {"uv": [2, 4, 3, 8], "texture": "#1"},
				"up": {"uv": [9, 9, 8, 8], "texture": "#1"},
				"down": {"uv": [10, 0, 9, 1], "texture": "#1"}
			}
		}
	],
	"display": {}
}