{
	"credit": "Made with Blockbench",
	"texture_size": [64, 64],
	"textures": {
		"0": "block/blue_concrete",
		"particle": "block/blue_concrete"
	},
	"elements": [
		{
			"from": [30.5, 0, -16],
			"to": [32, 1.5, 32],
			"rotation": {"angle": 0, "axis": "y", "origin": [30, 0, 0]},
			"faces": {
				"north": {"uv": [5, 6, 5.5, 6.5], "texture": "#0"},
				"east": {"uv": [1, 1, 13, 1.5], "texture": "#0"},
				"south": {"uv": [5.5, 6, 6, 6.5], "texture": "#0"},
				"west": {"uv": [1, 1.5, 13, 2], "texture": "#0"},
				"up": {"uv": [1.5, 14, 1, 2], "texture": "#0"},
				"down": {"uv": [2, 2, 1.5, 14], "texture": "#0"}
			}
		},
		{
			"from": [-16, 0, -16],
			"to": [-14.5, 1.5, 32],
			"rotation": {"angle": 0, "axis": "y", "origin": [-17, 0, 0]},
			"faces": {
				"north": {"uv": [3, 6, 3.5, 6.5], "texture": "#0"},
				"east": {"uv": [0, 0, 12, 0.5], "texture": "#0"},
				"south": {"uv": [3.5, 6, 4, 6.5], "texture": "#0"},
				"west": {"uv": [0, 0.5, 12, 1], "texture": "#0"},
				"up": {"uv": [0.5, 13, 0, 1], "texture": "#0"},
				"down": {"uv": [1, 1, 0.5, 13], "texture": "#0"}
			}
		},
		{
			"from": [-14.525, 0, -16],
			"to": [30.95, 1.5, -14.5],
			"rotation": {"angle": 0, "axis": "y", "origin": [29, 0, 0]},
			"faces": {
				"north": {"uv": [2, 4, 13.25, 4.5], "texture": "#0"},
				"east": {"uv": [4, 6, 4.5, 6.5], "texture": "#0"},
				"south": {"uv": [2, 4.5, 13.25, 5], "texture": "#0"},
				"west": {"uv": [4.5, 6, 5, 6.5], "texture": "#0"},
				"up": {"uv": [13.25, 5.5, 2, 5], "texture": "#0"},
				"down": {"uv": [13.25, 5.5, 2, 6], "texture": "#0"}
			}
		},
		{
			"from": [-14.55, 0, 30.5],
			"to": [30.65, 1.5, 32],
			"rotation": {"angle": 0, "axis": "y", "origin": [29, 0, 47]},
			"faces": {
				"north": {"uv": [2, 2, 13.25, 2.5], "texture": "#0"},
				"east": {"uv": [2, 6, 2.5, 6.5], "texture": "#0"},
				"south": {"uv": [2, 2.5, 13.25, 3], "texture": "#0"},
				"west": {"uv": [2.5, 6, 3, 6.5], "texture": "#0"},
				"up": {"uv": [13.25, 3.5, 2, 3], "texture": "#0"},
				"down": {"uv": [13.25, 3.5, 2, 4], "texture": "#0"}
			}
		}
	],
	"display": {}
}