{
	"credit": "Made with Blockbench",
	"textures": {
		"0": "block/spruce_log",
		"1": "block/spruce_planks",
		"particle": "block/spruce_log"
	},
	"elements": [
		{
			"from": [0, 0, -16],
			"to": [2, 32, -14],
			"rotation": {"angle": 0, "axis": "y", "origin": [0, 0, -16]},
			"faces": {
				"north": {"uv": [0, 0, 2, 16], "texture": "#0"},
				"east": {"uv": [0, 0, 2, 16], "texture": "#0"},
				"south": {"uv": [0, 0, 2, 16], "texture": "#0"},
				"west": {"uv": [0, 0, 2, 16], "texture": "#0"},
				"up": {"uv": [0, 0, 2, 2], "texture": "#0"},
				"down": {"uv": [0, 0, 2, 2], "texture": "#0"}
			}
		},
		{
			"from": [0, 0, 30],
			"to": [2, 32, 32],
			"rotation": {"angle": 0, "axis": "y", "origin": [0, 0, 30]},
			"faces": {
				"north": {"uv": [0, 0, 2, 16], "texture": "#0"},
				"east": {"uv": [0, 0, 2, 16], "texture": "#0"},
				"south": {"uv": [0, 0, 2, 16], "texture": "#0"},
				"west": {"uv": [0, 0, 2, 16], "texture": "#0"},
				"up": {"uv": [0, 0, 2, 2], "texture": "#0"},
				"down": {"uv": [0, 0, 2, 2], "texture": "#0"}
			}
		},
		{
			"from": [0.5, 4, -14],
			"to": [1.5, 32, 30],
			"rotation": {"angle": 0, "axis": "y", "origin": [0, 0, -14]},
			"faces": {
				"north": {"uv": [0, 0, 1, 16], "texture": "#1"},
				"east": {"uv": [0, 0, 16, 16], "texture": "#1"},
				"south": {"uv": [0, 0, 1, 16], "texture": "#1"},
				"west": {"uv": [0, 0, 16, 16], "texture": "#1"},
				"up": {"uv": [0, 0, 1, 16], "texture": "#1"},
				"down": {"uv": [0, 0, 1, 16], "texture": "#1"}
			}
		}
	],
	"display": {
		"firstperson_righthand": {
			"rotation": [0, 15, 0],
			"translation": [2.25, 0, 0],
			"scale": [0.22, 0.18, 0.16]
		}
	}
}