{
	"credit": "Made with Blockbench",
	"texture_size": [32, 32],
	"textures": {
		"0": "block/fish",
		"particle": "block/fish"
	},
	"elements": [
		{
			"from": [7, 4, 1],
			"to": [9, 8.75, 8.25],
			"rotation": {"angle": 0, "axis": "y", "origin": [7, 4, 6]},
			"faces": {
				"north": {"uv": [0, 5, 1, 7.5], "texture": "#0"},
				"east": {"uv": [0, 0, 3.5, 2.5], "texture": "#0"},
				"south": {"uv": [1, 5, 2, 7.5], "texture": "#0"},
				"west": {"uv": [0, 2.5, 3.5, 5], "texture": "#0"},
				"up": {"uv": [4.5, 7.5, 3.5, 4], "texture": "#0"},
				"down": {"uv": [5.5, 4, 4.5, 7.5], "texture": "#0"}
			}
		},
		{
			"from": [7.25, 4.5, 8.25],
			"to": [8.75, 8.25, 12],
			"rotation": {"angle": 0, "axis": "y", "origin": [7, 4.5, 13.25]},
			"faces": {
				"north": {"uv": [2, 5, 3, 7], "texture": "#0"},
				"east": {"uv": [3.5, 0, 5.5, 2], "texture": "#0"},
				"south": {"uv": [5.5, 4, 6.5, 6], "texture": "#0"},
				"west": {"uv": [3.5, 2, 5.5, 4], "texture": "#0"},
				"up": {"uv": [6.5, 8, 5.5, 6], "texture": "#0"},
				"down": {"uv": [7.5, 4, 6.5, 6], "texture": "#0"}
			}
		},
		{
			"from": [7.75, 8, 11],
			"to": [8.25, 10, 15.5],
			"rotation": {"angle": -22.5, "axis": "x", "origin": [7, 8, 16]},
			"faces": {
				"north": {"uv": [7, 8, 7.5, 9], "texture": "#0"},
				"east": {"uv": [5.5, 0, 8, 1], "texture": "#0"},
				"south": {"uv": [7.5, 8, 8, 9], "texture": "#0"},
				"west": {"uv": [5.5, 1, 8, 2], "texture": "#0"},
				"up": {"uv": [2, 10, 1.5, 7.5], "texture": "#0"},
				"down": {"uv": [8.5, 1.5, 8, 4], "texture": "#0"}
			}
		},
		{
			"from": [7.75, 2.75, 10],
			"to": [8.25, 4.75, 14.5],
			"rotation": {"angle": 22.5, "axis": "x", "origin": [7, 2.75, 15]},
			"faces": {
				"north": {"uv": [8, 8, 8.5, 9], "texture": "#0"},
				"east": {"uv": [5.5, 2, 8, 3], "texture": "#0"},
				"south": {"uv": [0, 8.5, 0.5, 9.5], "texture": "#0"},
				"west": {"uv": [5.5, 3, 8, 4], "texture": "#0"},
				"up": {"uv": [2.5, 10.5, 2, 8], "texture": "#0"},
				"down": {"uv": [3, 8, 2.5, 10.5], "texture": "#0"}
			}
		},
		{
			"from": [6.75, 2.75, 2.25],
			"to": [7.25, 4.375, 5.575],
			"rotation": {"angle": 22.5, "axis": "x", "origin": [6, 2.75, 7.25]},
			"faces": {
				"north": {"uv": [0.5, 8.5, 1, 9.5], "texture": "#0"},
				"east": {"uv": [6.5, 6, 8, 7], "texture": "#0"},
				"south": {"uv": [1, 8.5, 1.5, 9.5], "texture": "#0"},
				"west": {"uv": [2, 7, 3.5, 8], "texture": "#0"},
				"up": {"uv": [3.5, 6.5, 3, 5], "texture": "#0"},
				"down": {"uv": [3.5, 8, 3, 9.5], "texture": "#0"}
			}
		},
		{
			"from": [8.75, 2.75, 2.25],
			"to": [9.25, 4.375, 5.575],
			"rotation": {"angle": 22.5, "axis": "x", "origin": [8, 2.75, 7.25]},
			"faces": {
				"north": {"uv": [8.5, 1.5, 9, 2.5], "texture": "#0"},
				"east": {"uv": [6.5, 7, 8, 8], "texture": "#0"},
				"south": {"uv": [8.5, 2.5, 9, 3.5], "texture": "#0"},
				"west": {"uv": [0, 7.5, 1.5, 8.5], "texture": "#0"},
				"up": {"uv": [7, 9.5, 6.5, 8], "texture": "#0"},
				"down": {"uv": [8.5, 6.5, 8, 8], "texture": "#0"}
			}
		},
		{
			"from": [7, 4.5, -1],
			"to": [9, 7, 1],
			"rotation": {"angle": 0, "axis": "y", "origin": [7, 3.5, 4]},
			"faces": {
				"north": {"uv": [3.5, 7.5, 4.5, 9], "texture": "#0"},
				"east": {"uv": [7.5, 4, 8.5, 5.5], "texture": "#0"},
				"south": {"uv": [4.5, 7.5, 5.5, 9], "texture": "#0"},
				"west": {"uv": [8, 0, 9, 1.5], "texture": "#0"},
				"up": {"uv": [6.5, 9, 5.5, 8], "texture": "#0"},
				"down": {"uv": [9, 5.5, 8, 6.5], "texture": "#0"}
			}
		}
	],
	"display": {}
}