{
	"credit": "Made with Blockbench",
	"textures": {
		"0": "block/bee",
		"1": "block/beeup",
		"2": "block/beedown",
		"particle": "block/bee"
	},
	"elements": [
		{
			"from": [5.25, 3.25, 3],
			"to": [8.75, 6.75, 8],
			"rotation": {"angle": 0, "axis": "y", "origin": [5, 3, 3]},
			"faces": {
				"north": {"uv": [4.5, 2, 6.5, 4], "texture": "#0"},
				"east": {"uv": [0, 0, 2.5, 2], "texture": "#0"},
				"south": {"uv": [4.5, 4, 6.5, 6], "texture": "#0"},
				"west": {"uv": [0, 2, 2.5, 4], "texture": "#0"},
				"up": {"uv": [4.5, 2.5, 2.5, 0], "texture": "#0"},
				"down": {"uv": [4.5, 2.5, 2.5, 5], "texture": "#0"}
			}
		},
		{
			"from": [5.275, 8.625, 2.9],
			"to": [6.625, 8.775, 5.675],
			"rotation": {"angle": 22.5, "axis": "x", "origin": [5, 5.375, 0.675]},
			"faces": {
				"north": {"uv": [1, 2, 2, 3], "texture": "#2"},
				"east": {"uv": [0, 0, 2, 1], "texture": "#2"},
				"south": {"uv": [2, 2, 3, 3], "texture": "#2"},
				"west": {"uv": [0, 1, 2, 2], "texture": "#2"},
				"up": {"uv": [1, 4, 0, 2], "texture": "#2"},
				"down": {"uv": [3, 0, 2, 2], "texture": "#2"}
			}
		},
		{
			"from": [7.375, 8.625, 2.9],
			"to": [8.725, 8.775, 5.675],
			"rotation": {"angle": 22.5, "axis": "x", "origin": [7.125, 5.375, 0.675]},
			"faces": {
				"north": {"uv": [1, 2, 2, 3], "texture": "#2"},
				"east": {"uv": [0, 0, 2, 1], "texture": "#2"},
				"south": {"uv": [2, 2, 3, 3], "texture": "#2"},
				"west": {"uv": [0, 1, 2, 2], "texture": "#2"},
				"up": {"uv": [1, 4, 0, 2], "texture": "#2"},
				"down": {"uv": [3, 0, 2, 2], "texture": "#2"}
			}
		},
		{
			"from": [8.7, 8.625, 2.1],
			"to": [9.45, 8.775, 4.425],
			"rotation": {"angle": 22.5, "axis": "x", "origin": [7.825, 5.375, 0.675]},
			"faces": {
				"north": {"uv": [1, 2, 2, 3], "texture": "#2"},
				"east": {"uv": [0, 0, 2, 1], "texture": "#2"},
				"south": {"uv": [2, 2, 3, 3], "texture": "#2"},
				"west": {"uv": [0, 1, 2, 2], "texture": "#2"},
				"up": {"uv": [1, 4, 0, 2], "texture": "#2"},
				"down": {"uv": [3, 0, 2, 2], "texture": "#2"}
			}
		},
		{
			"from": [4.525, 8.625, 2.1],
			"to": [5.275, 8.775, 4.425],
			"rotation": {"angle": 22.5, "axis": "x", "origin": [3.65, 5.375, 0.675]},
			"faces": {
				"north": {"uv": [1, 2, 2, 3], "texture": "#2"},
				"east": {"uv": [0, 0, 2, 1], "texture": "#2"},
				"south": {"uv": [2, 2, 3, 3], "texture": "#2"},
				"west": {"uv": [0, 1, 2, 2], "texture": "#2"},
				"up": {"uv": [1, 4, 0, 2], "texture": "#2"},
				"down": {"uv": [3, 0, 2, 2], "texture": "#2"}
			}
		},
		{
			"from": [5.5, 3.5, 2.3],
			"to": [8.5, 6.5, 3],
			"rotation": {"angle": 0, "axis": "y", "origin": [5, 3, 2]},
			"faces": {
				"north": {"uv": [2, 5, 4, 7], "texture": "#0"},
				"east": {"uv": [6.5, 0.5, 7, 2.5], "texture": "#0"},
				"south": {"uv": [0, 6, 2, 8], "texture": "#0"},
				"west": {"uv": [6.5, 2.5, 7, 4.5], "texture": "#0"},
				"up": {"uv": [8.5, 5, 6.5, 4.5], "texture": "#0"},
				"down": {"uv": [7, 6.5, 5, 7], "texture": "#0"}
			}
		},
		{
			"from": [5.5, 3.5, 8],
			"to": [8.5, 6.5, 8.95],
			"rotation": {"angle": 0, "axis": "y", "origin": [5, 3, 8]},
			"faces": {
				"north": {"uv": [0, 4, 2, 6], "texture": "#0"},
				"east": {"uv": [4, 5, 4.5, 7], "texture": "#0"},
				"south": {"uv": [4.5, 0, 6.5, 2], "texture": "#0"},
				"west": {"uv": [4.5, 6, 5, 8], "texture": "#0"},
				"up": {"uv": [7, 6.5, 5, 6], "texture": "#0"},
				"down": {"uv": [8.5, 0, 6.5, 0.5], "texture": "#0"}
			}
		},
		{
			"from": [6.2, 6.975, 7.425],
			"to": [6.525, 9.075, 7.7],
			"rotation": {"angle": 45, "axis": "x", "origin": [5.7, 5.55, 6.75]},
			"faces": {
				"north": {"uv": [0, 0, 1, 2], "texture": "#1"},
				"east": {"uv": [1, 0, 2, 2], "texture": "#1"},
				"south": {"uv": [0, 2, 1, 4], "texture": "#1"},
				"west": {"uv": [2, 0, 3, 2], "texture": "#1"},
				"up": {"uv": [2, 3, 1, 2], "texture": "#1"},
				"down": {"uv": [3, 2, 2, 3], "texture": "#1"}
			}
		},
		{
			"from": [7.5, 8.025, 10.725],
			"to": [7.775, 8.25, 11.825],
			"rotation": {"angle": 45, "axis": "x", "origin": [6.975, 8.95, 9.3]},
			"faces": {
				"north": {"uv": [2, 2, 3, 3], "texture": "#1"},
				"east": {"uv": [1, 0, 2, 2], "texture": "#1"},
				"south": {"uv": [1, 2, 2, 3], "texture": "#1"},
				"west": {"uv": [2, 0, 3, 2], "texture": "#1"},
				"up": {"uv": [1, 2, 0, 0], "texture": "#1"},
				"down": {"uv": [1, 2, 0, 4], "texture": "#1"}
			}
		},
		{
			"from": [7.475, 6.975, 7.425],
			"to": [7.8, 9.075, 7.7],
			"rotation": {"angle": 45, "axis": "x", "origin": [6.975, 5.55, 6.75]},
			"faces": {
				"north": {"uv": [0, 0, 1, 2], "texture": "#1"},
				"east": {"uv": [1, 0, 2, 2], "texture": "#1"},
				"south": {"uv": [0, 2, 1, 4], "texture": "#1"},
				"west": {"uv": [2, 0, 3, 2], "texture": "#1"},
				"up": {"uv": [2, 3, 1, 2], "texture": "#1"},
				"down": {"uv": [3, 2, 2, 3], "texture": "#1"}
			}
		},
		{
			"from": [6.225, 8.025, 10.725],
			"to": [6.5, 8.25, 11.825],
			"rotation": {"angle": 45, "axis": "x", "origin": [5.7, 8.95, 9.3]},
			"faces": {
				"north": {"uv": [2, 2, 3, 3], "texture": "#1"},
				"east": {"uv": [1, 0, 2, 2], "texture": "#1"},
				"south": {"uv": [1, 2, 2, 3], "texture": "#1"},
				"west": {"uv": [2, 0, 3, 2], "texture": "#1"},
				"up": {"uv": [1, 2, 0, 0], "texture": "#1"},
				"down": {"uv": [1, 2, 0, 4], "texture": "#1"}
			}
		},
		{
			"from": [6.825, 4.5, 1.975],
			"to": [7.25, 5.2, 2.425],
			"rotation": {"angle": 0, "axis": "y", "origin": [5.325, 3, 2.65]},
			"faces": {
				"north": {"uv": [2, 4, 2.5, 4.5], "texture": "#0"},
				"east": {"uv": [2, 4.5, 2.5, 5], "texture": "#0"},
				"south": {"uv": [6.5, 5, 7, 5.5], "texture": "#0"},
				"west": {"uv": [6.5, 5.5, 7, 6], "texture": "#0"},
				"up": {"uv": [7.5, 1, 7, 0.5], "texture": "#0"},
				"down": {"uv": [7.5, 1, 7, 1.5], "texture": "#0"}
			}
		}
	],
	"display": {}
}