{
	"credit": "Made with Blockbench",
	"textures": {
		"0": "block/water_flow",
		"particle": "block/water_flow"
	},
	"elements": [
		{
			"from": [6, 0, 0],
			"to": [10, 4, 10],
			"rotation": {"angle": 0, "axis": "y", "origin": [6, 0, 0]},
			"faces": {
				"north": {"uv": [0, 0, 4, 4], "texture": "#0"},
				"east": {"uv": [0, 0, 10, 4], "texture": "#0"},
				"south": {"uv": [0, 0, 4, 4], "texture": "#0"},
				"west": {"uv": [0, 0, 10, 4], "texture": "#0"},
				"up": {"uv": [0, 0, 4, 10], "texture": "#0"},
				"down": {"uv": [0, 0, 4, 10], "texture": "#0"}
			}
		}
	],
	"display": {
		"thirdperson_righthand": {
			"translation": [0, 4.25, 8.25],
			"scale": [1.05, 1.05, 1.05]
		},
		"thirdperson_lefthand": {
			"scale": [0, 0, 0]
		},
		"firstperson_righthand": {
			"rotation": [40, -9, 0],
			"translation": [1.75, 2, 5.25],
			"scale": [1.2, 1.2, 1.2]
		},
		"ground": {
			"translation": [0, 3.75, 0]
		},
		"gui": {
			"rotation": [32, -38, 0],
			"translation": [-2.25, 4, 0],
			"scale": [1.27, 1.25, 1.25]
		}
	}
}