{
	"credit": "Made with Blockbench",
	"textures": {
		"0": "block/gray_concrete",
		"1": "block/white_concrete",
		"2": "block/black_wool",
		"particle": "block/gray_concrete"
	},
	"elements": [
		{
			"from": [6, 0, 6],
			"to": [10, 2, 10],
			"rotation": {"angle": 0, "axis": "y", "origin": [7, 0, 7]},
			"faces": {
				"north": {"uv": [0, 0, 4, 2], "texture": "#0"},
				"east": {"uv": [0, 0, 4, 2], "texture": "#0"},
				"south": {"uv": [0, 0, 4, 2], "texture": "#0"},
				"west": {"uv": [0, 0, 4, 2], "texture": "#0"},
				"up": {"uv": [0, 0, 4, 4], "texture": "#0"},
				"down": {"uv": [0, 0, 4, 4], "texture": "#0"}
			}
		},
		{
			"from": [6, 3, 6],
			"to": [10, 9, 10],
			"rotation": {"angle": 0, "axis": "y", "origin": [7, 5, 7]},
			"faces": {
				"north": {"uv": [0, 0, 4, 6], "texture": "#0"},
				"east": {"uv": [0, 0, 4, 6], "texture": "#0"},
				"south": {"uv": [0, 0, 4, 6], "texture": "#0"},
				"west": {"uv": [0, 0, 4, 6], "texture": "#0"},
				"up": {"uv": [0, 0, 4, 4], "texture": "#0"},
				"down": {"uv": [0, 0, 4, 4], "texture": "#0"}
			}
		},
		{
			"from": [7, 9, 7],
			"to": [9, 11, 9],
			"rotation": {"angle": 0, "axis": "y", "origin": [7, 9, 7]},
			"faces": {
				"north": {"uv": [0, 0, 2, 2], "texture": "#2"},
				"east": {"uv": [0, 0, 2, 2], "texture": "#2"},
				"south": {"uv": [0, 0, 2, 2], "texture": "#2"},
				"west": {"uv": [0, 0, 2, 2], "texture": "#2"},
				"up": {"uv": [0, 0, 2, 2], "texture": "#2"},
				"down": {"uv": [0, 0, 2, 2], "texture": "#2"}
			}
		},
		{
			"from": [9, 9, 7],
			"to": [10, 10.3, 9],
			"rotation": {"angle": 0, "axis": "y", "origin": [9, 9, 7]},
			"faces": {
				"north": {"uv": [0, 0, 1, 1.3], "texture": "#2"},
				"east": {"uv": [0, 0, 2, 1.3], "texture": "#2"},
				"south": {"uv": [0, 0, 1, 1.3], "texture": "#2"},
				"west": {"uv": [0, 0, 2, 1.3], "texture": "#2"},
				"up": {"uv": [0, 0, 1, 2], "texture": "#2"},
				"down": {"uv": [0, 0, 1, 2], "texture": "#2"}
			}
		},
		{
			"from": [9.9, 9.25, 8.5],
			"to": [10.1, 9.55, 9.5],
			"rotation": {"angle": 0, "axis": "y", "origin": [9.9, 9, 7.5]},
			"faces": {
				"north": {"uv": [0, 0, 0.2, 0.3], "texture": "#2"},
				"east": {"uv": [0, 0, 1, 0.3], "texture": "#2"},
				"south": {"uv": [0, 0, 0.2, 0.3], "texture": "#2"},
				"west": {"uv": [0, 0, 1, 0.3], "texture": "#2"},
				"up": {"uv": [0, 0, 0.2, 1], "texture": "#2"},
				"down": {"uv": [0, 0, 0.2, 1], "texture": "#2"}
			}
		},
		{
			"from": [9.9, 8.45, 8.5],
			"to": [10.1, 8.75, 9.5],
			"rotation": {"angle": 0, "axis": "y", "origin": [9.9, 8.2, 7.5]},
			"faces": {
				"north": {"uv": [0, 0, 0.2, 0.3], "texture": "#2"},
				"east": {"uv": [0, 0, 1, 0.3], "texture": "#2"},
				"south": {"uv": [0, 0, 0.2, 0.3], "texture": "#2"},
				"west": {"uv": [0, 0, 1, 0.3], "texture": "#2"},
				"up": {"uv": [0, 0, 0.2, 1], "texture": "#2"},
				"down": {"uv": [0, 0, 0.2, 1], "texture": "#2"}
			}
		},
		{
			"from": [9.9, 8.75, 9.25],
			"to": [10.1, 9.25, 9.5],
			"rotation": {"angle": 0, "axis": "y", "origin": [9.9, 8.7, 7.5]},
			"faces": {
				"north": {"uv": [0, 0, 0.2, 0.5], "texture": "#2"},
				"east": {"uv": [0, 0, 0.25, 0.5], "texture": "#2"},
				"south": {"uv": [0, 0, 0.2, 0.5], "texture": "#2"},
				"west": {"uv": [0, 0, 0.25, 0.5], "texture": "#2"},
				"up": {"uv": [0, 0, 0.2, 0.25], "texture": "#2"},
				"down": {"uv": [0, 0, 0.2, 0.25], "texture": "#2"}
			}
		},
		{
			"from": [9.9, 8.75, 8.6],
			"to": [10.1, 9.25, 8.85],
			"rotation": {"angle": 0, "axis": "y", "origin": [9.9, 8.7, 6.85]},
			"faces": {
				"north": {"uv": [0, 0, 0.2, 0.5], "texture": "#2"},
				"east": {"uv": [0, 0, 0.25, 0.5], "texture": "#2"},
				"south": {"uv": [0, 0, 0.2, 0.5], "texture": "#2"},
				"west": {"uv": [0, 0, 0.25, 0.5], "texture": "#2"},
				"up": {"uv": [0, 0, 0.2, 0.25], "texture": "#2"},
				"down": {"uv": [0, 0, 0.2, 0.25], "texture": "#2"}
			}
		},
		{
			"from": [10, 6.775, 7.45],
			"to": [10.475, 9.925, 8.55],
			"rotation": {"angle": 0, "axis": "y", "origin": [10, 8.625, 7]},
			"faces": {
				"north": {"uv": [0, 0, 0.475, 3.15], "texture": "#2"},
				"east": {"uv": [0, 0, 1.1, 3.15], "texture": "#2"},
				"south": {"uv": [0, 0, 0.475, 3.15], "texture": "#2"},
				"west": {"uv": [0, 0, 1.1, 3.15], "texture": "#2"},
				"up": {"uv": [0, 0, 0.475, 1.1], "texture": "#2"},
				"down": {"uv": [0, 0, 0.475, 1.1], "texture": "#2"}
			}
		},
		{
			"from": [6, 2, 6],
			"to": [10, 3, 10],
			"rotation": {"angle": 0, "axis": "y", "origin": [7, 2, 7]},
			"faces": {
				"north": {"uv": [0, 0, 4, 1], "texture": "#1"},
				"east": {"uv": [0, 0, 4, 1], "texture": "#1"},
				"south": {"uv": [0, 0, 4, 1], "texture": "#1"},
				"west": {"uv": [0, 0, 4, 1], "texture": "#1"},
				"up": {"uv": [0, 0, 4, 4], "texture": "#1"},
				"down": {"uv": [0, 0, 4, 4], "texture": "#1"}
			}
		}
	],
	"display": {
		"thirdperson_righthand": {
			"translation": [0, 1.5, 0.25],
			"scale": [0.63, 0.63, 0.63]
		},
		"thirdperson_lefthand": {
			"translation": [0, 1.75, 0],
			"scale": [0.63, 0.63, 0.63]
		},
		"firstperson_righthand": {
			"translation": [0, 2.5, 0],
			"scale": [0.81, 0.79, 0.81]
		},
		"firstperson_lefthand": {
			"scale": [0, 0, 0]
		},
		"ground": {
			"rotation": [0, 0, 90],
			"translation": [0, -2.25, 0],
			"scale": [0.63, 0.63, 0.63]
		},
		"gui": {
			"rotation": [32, 24, 0],
			"translation": [0, 3.25, 0],
			"scale": [1.27, 1.27, 1.27]
		}
	}
}