{
	"credit": "Made with Blockbench",
	"texture_size": [32, 32],
	"textures": {
		"0": "block/stone",
		"particle": "block/stone"
	},
	"elements": [
		{
			"from": [4, 0, 4],
			"to": [12, 5.075, 12],
			"rotation": {"angle": 0, "axis": "y", "origin": [7, 0, 7]},
			"faces": {
				"north": {"uv": [0, 0, 4, 2.5375], "texture": "#0"},
				"east": {"uv": [0, 0, 4, 2.5375], "texture": "#0"},
				"south": {"uv": [0, 0, 4, 2.5375], "texture": "#0"},
				"west": {"uv": [0, 0, 4, 2.5375], "texture": "#0"},
				"up": {"uv": [0, 0, 4, 4], "texture": "#0"},
				"down": {"uv": [0, 0, 4, 4], "texture": "#0"}
			}
		},
		{
			"from": [4.75, 3.875, 4.75],
			"to": [11.25, 11.775, 11.25],
			"rotation": {"angle": 0, "axis": "y", "origin": [7, 3.875, 7]},
			"faces": {
				"north": {"uv": [0, 0, 3.25, 3.95], "texture": "#0"},
				"east": {"uv": [0, 0, 3.25, 3.95], "texture": "#0"},
				"south": {"uv": [0, 0, 3.25, 3.95], "texture": "#0"},
				"west": {"uv": [0, 0, 3.25, 3.95], "texture": "#0"},
				"up": {"uv": [0, 0, 3.25, 3.25], "texture": "#0"},
				"down": {"uv": [0, 0, 3.25, 3.25], "texture": "#0"}
			}
		},
		{
			"from": [5.75, 11.8, 6],
			"to": [10.25, 14.8, 10],
			"rotation": {"angle": 0, "axis": "y", "origin": [7, 11.8, 7]},
			"faces": {
				"north": {"uv": [0, 0, 2.25, 1.5], "texture": "#0"},
				"east": {"uv": [0, 0, 2, 1.5], "texture": "#0"},
				"south": {"uv": [0, 0, 2.25, 1.5], "texture": "#0"},
				"west": {"uv": [0, 0, 2, 1.5], "texture": "#0"},
				"up": {"uv": [0, 0, 2.25, 2], "texture": "#0"},
				"down": {"uv": [0, 0, 2.25, 2], "texture": "#0"}
			}
		}
	],
	"display": {}
}