{
    "diamondcave":
	{"category": "ambient","sounds": [{"name": "diamondcave","stream": false},{"name": "diamondcave","stream": false}]},

    "souless":
        {"category": "ambient","sounds": [{"name": "souless","stream": false},{"name": "souless","stream": false}]},

    "dead":
        {"category": "ambient","sounds": [{"name": "dead","stream": false},{"name": "dead","stream": false}]},

    "mine":
        {"category": "ambient","sounds": [{"name": "mine","stream": false},{"name": "mine","stream": false}]},

    "nether":
        {"category": "ambient","sounds": [{"name": "nether","stream": false},{"name": "nether","stream": false}]},

    "desert":
        {"category": "ambient","sounds": [{"name": "desert","stream": false},{"name": "desert","stream": false}]},

    "portal":
        {"category": "ambient","sounds": [{"name": "portal","stream": false},{"name": "portal","stream": false}]},

    "shrieker":
	{"category": "ambient","sounds": [{"name": "shrieker","stream": false},{"name": "shrieker","stream": false}]},

    "spooky":
	{"category": "ambient","sounds": [{"name": "spooky","stream": false},{"name": "spooky","stream": false}]},

    "kids":
	{"category": "ambient","sounds": [{"name": "kids","stream": false},{"name": "kids","stream": false}]},

    "enderdragon":
	{"category": "ambient","sounds": [{"name": "enderdragon","stream": false},{"name": "enderdragon","stream": false}]},

    "noescape":
	{"category": "ambient","sounds": [{"name": "noescape","stream": false},{"name": "noescape","stream": false}]},

    "wither":
	{"category": "ambient","sounds": [{"name": "wither","stream": false},{"name": "wither","stream": false}]},

    "warden":
	{"category": "ambient","sounds": [{"name": "warden","stream": false},{"name": "warden","stream": false}]},

    "mineshaft":
	{"category": "ambient","sounds": [{"name": "mineshaft","stream": false},{"name": "mineshaft","stream": false}]},

    "breeze":
	{"category": "ambient","sounds": [{"name": "breeze","stream": false},{"name": "breeze","stream": false}]},

    "babyroom":
	{"category": "ambient","sounds": [{"name": "babyroom","stream": false},{"name": "babyroom","stream": false}]},

    "bathroom":
	{"category": "ambient","sounds": [{"name": "bathroom","stream": false},{"name": "bathroom","stream": false}]},

    "dvorik":
	{"category": "ambient","sounds": [{"name": "dvorik","stream": false},{"name": "dvorik","stream": false}]},

    "kabinet":
	{"category": "ambient","sounds": [{"name": "kabinet","stream": false},{"name": "kabinet","stream": false}]},

    "koridor":
	{"category": "ambient","sounds": [{"name": "koridor","stream": false},{"name": "koridor","stream": false}]},

    "gostina":
	{"category": "ambient","sounds": [{"name": "gostina","stream": false},{"name": "gostina","stream": false}]},

    "fnaf1":
	{"category": "ambient","sounds": [{"name": "fnaf1","stream": false},{"name": "fnaf1","stream": false}]},

    "fnaf2":
	{"category": "ambient","sounds": [{"name": "fnaf2","stream": false},{"name": "fnaf2","stream": false}]},

    "fnaf3":
	{"category": "ambient","sounds": [{"name": "fnaf3","stream": false},{"name": "fnaf3","stream": false}]},

    "fnaf4":
	{"category": "ambient","sounds": [{"name": "fnaf4","stream": false},{"name": "fnaf4","stream": false}]},

    "garage":
	{"category": "ambient","sounds": [{"name": "garage","stream": false},{"name": "garage","stream": false}]},

    "pasha":
	{"category": "ambient","sounds": [{"name": "pasha","stream": false},{"name": "pasha","stream": false}]},

    "pasxa":
	{"category": "ambient","sounds": [{"name": "pasxa","stream": false},{"name": "pasxa","stream": false}]},

    "kitchen":
	{"category": "ambient","sounds": [{"name": "kitchen","stream": false},{"name": "kitchen","stream": false}]}
}