{
	"credit": "Made with Blockbench",
	"textures": {
		"0": "entity/squid_game_doll"
	},
	"elements": [
		{
			"from": [0, 0, 4],
			"to": [8, 24, 12],
			"faces": {
				"north": {"uv": [5, 13, 6, 16], "texture": "#0"},
				"east": {"uv": [4, 13, 5, 16], "texture": "#0"},
				"south": {"uv": [7, 13, 8, 16], "texture": "#0"},
				"west": {"uv": [6.25, 13, 7.25, 16], "texture": "#0"},
				"up": {"uv": [5, 12, 6, 12.75], "texture": "#0"},
				"down": {"uv": [6, 12, 7, 13], "texture": "#0"}
			}
		},
		{
			"from": [8, 0, 4],
			"to": [16, 24, 12],
			"faces": {
				"north": {"uv": [1, 5, 2, 8], "texture": "#0"},
				"east": {"uv": [0, 5, 1, 8], "texture": "#0"},
				"south": {"uv": [3, 5, 4, 8], "texture": "#0"},
				"west": {"uv": [2, 5, 3, 8], "texture": "#0"},
				"up": {"uv": [1, 4, 2, 5], "texture": "#0"},
				"down": {"uv": [2, 4, 3, 5], "texture": "#0"}
			}
		}
	],
	"display": {
		"head": {
			"translation": [0, -19.5, 0],
			"scale": [3, 3, 3]
		}
	}
}